employee_id,first_name,last_name,email,department,job_title,salary,hire_date,years_of_experience,education_level,performance_score,turnover_status,turnover_date,turnover_reason,attendance_rate_pct,leaves_taken,remote_work_ratio,office_location
EMP1007,George,Lee,george.lee7@company.com,Operations,Operations Manager,57700.0,2020-05-08,5.0,Master's,3.0,Active,,,88.4,24,1.0,"New York, NY"
EMP1489,Amanda,Gomez,amanda.gomez39@company.com,Product,Product Manager,97400.0,2023-10-22,5.1,Bachelor's,1.0,Active,,,81.8,5,0.0,"London, UK"
EMP1105,Cynthia,Allen,cynthia.allen5@company.com,Customer Success,Implementation Consultant,,2025-06-24,2.0,Bachelor's,1.0,Active,,,95.2,17,0.5,Remote
EMP1487,Betty,Gutierrez,betty.gutierrez37@company.com,Finance,Staff Accountant,90500.0,2018-05-18,15.2,Bachelor's,4.0,Active,,,92.6,19,1.0,Remote
EMP1449,Rachel,Martinez,rachel.martinez49@company.com,,Operations Associate,68600.0,2021-04-02,5.2,Bachelor's,4.0,Active,,,97.1,12,1.0,"New York, NY"
EMP1223,Ashley,Smith,ashley.smith23@company.com,,Finance Manager,63200.0,2020-08-22,1.4,Master's,3.0,Active,,,94.9,11,0.5,"Chicago, IL"
EMP1238,Frank,Adams,frank.adams38@company.com,Human Resources,HR Business Partner,60900.0,2019-08-10,4.1,Associate's,3.0,Resigned,2022-10-10,Career Transition,97.8,11,0.0,"London, UK"
EMP1434,Deborah,Walker,deborah.walker34@company.com,Finance,Financial Analyst,67600.0,2022-04-12,0.6,Bachelor's,3.0,Active,,,92.3,24,0.5,"London, UK"
EMP1348,Amanda,Jackson,amanda.jackson48@company.com,Human Resources,Talent Acquisition Lead,55900.0,2024-01-30,5.1,Bachelor's,3.0,Active,,,92.4,18,0.0,"New York, NY"
EMP1073,Jessica,Harris,jessica.harris23@company.com,Operations,Operations Associate,76000.0,2024-01-04,11.8,Master's,5.0,Active,,,90.5,8,0.0,"San Francisco, CA"
EMP1474,David,Robinson,david.robinson24@company.com,Product,Technical Product Lead,80900.0,2019-06-26,2.7,Master's,2.0,Active,,,96.2,9,1.0,"London, UK"
EMP1275,Heather,Carter,heather.carter25@company.com,Sales,Business Development Rep,66800.0,2024-09-15,5.0,Associate's,3.0,Active,,,79.5,15,1.0,"London, UK"
EMP1074,Emily,Ortiz,emily.ortiz24@company.com,Finance,Financial Analyst,96800.0,2020-03-06,9.0,Bachelor's,3.0,Active,,,,14,0.0,"Chicago, IL"
EMP1439,Benjamin,Hill,benjamin.hill39@company.com,Customer Success,Implementation Consultant,62900.0,2018-10-26,5.4,Associate's,4.0,Active,,,87.2,13,1.0,"San Francisco, CA"
EMP1071,Gary,Edwards,gary.edwards21@company.com,Engineering,Software Engineer,106900.0,2021-04-20,9.9,Master's,3.0,Active,,,97.2,10,0.5,Remote
EMP1246,Maria,Torres,maria.torres46@company.com,PRODUCT,Technical Product Lead,90400.0,2023-12-26,5.8,Bachelor's,3.0,Resigned,2026-01-01,Work-Life Balance,91.8,19,0.5,"Austin, TX"
EMP1229,Laura,Davis,laura.davis29@company.com,Customer Success,Customer Success Manager,52100.0,2023-10-04,2.2,Bachelor's,3.0,Active,,,76.1,21,0.0,"London, UK"
EMP1011,Jonathan,King,jonathan.king11@company.com,Product,Technical Product Lead,100800.0,2022-01-22,6.6,Bachelor's,3.0,Active,,,99.6,7,1.0,"Austin, TX"
EMP1350,Daniel,Adams,daniel.adams0@company.com,Engineering,Software Engineer,115700.0,2019-08-29,11.2,Bachelor's,2.0,Resigned,2020-09-12,Health/Personal,93.2,19,0.5,"New York, NY"
EMP1363,Michelle,Gomez,michelle.gomez13@company.com,Customer Success,CS Team Lead,58100.0,2025-05-31,9.2,PhD,3.0,Resigned,2026-01-01,Better Compensation,96.0,15,0.0,"Chicago, IL"
EMP1292,Emily,Lewis,emily.lewis42@company.com,Finance,Staff Accountant,83000.0,2023-02-17,6.0,Bachelor's,3.0,Active,,,82.0,18,1.0,"London, UK"
EMP1003,Catherine,Cooper,catherine.cooper3@company.com,Product,Product Manager,78400.0,2023-01-14,1.5,Bachelor's,3.0,Active,,,77.9,3,0.0,Remote
EMP1302,Andrew,Baker,andrew.baker2@company.com,Marketing,Brand Designer,64100.0,2023-06-11,6.7,Bachelor's,4.0,Active,,,94.9,24,0.0,"New York, NY"
EMP1087,Emily,White,emily.white37@company.com,Product,Technical Product Lead,83600.0,2019-01-09,3.8,Master's,3.0,Active,,,87.8,16,0.5,"Chicago, IL"
EMP1355,Nancy,Lopez,nancy.lopez5@company.com,Operations,Logistics Coordinator,54200.0,2018-02-16,2.0,Bachelor's,3.0,Active,,,95.2,10,1.0,"New York, NY"
EMP1438,James,Nelson,james.nelson38@company.com,Customer Success,Customer Success Manager,62200.0,2018-06-13,5.0,Master's,2.0,Active,,,75.2,13,1.0,"New York, NY"
EMP1091,Andrew,Cruz,andrew.cruz41@company.com,Customer Success,Support Specialist,73200.0,2018-04-29,11.0,Bachelor's,5.0,Active,,,90.2,22,0.0,Remote
EMP1322,Shirley,Campbell,shirley.campbell22@company.com,Engineering,Data Scientist,91000.0,2024-05-10,8.1,PhD,2.0,Active,,,85.5,8,0.5,"New York, NY"
EMP1514,David,Stewart,david.stewart14@company.com,Engineering,Software Engineer,132300.0,2022-06-15,16.9,Master's,3.0,Active,,,94.6,5,0.0,"Chicago, IL"
EMP1447,Elizabeth,Miller,elizabeth.miller47@company.com,Marketing,SEO Analyst,67800.0,2024-04-04,3.6,Bachelor's,4.0,Resigned,2024-11-24,Pursuing Higher Education,94.1,11,0.5,"Austin, TX"
EMP1421,Emma,Stewart,emma.stewart21@company.com,Operations,Logistics Coordinator,59800.0,2019-04-13,7.7,Master's,3.0,Resigned,2020-01-27,Health/Personal,90.5,3,0.5,"Chicago, IL"
EMP1156,Jason,Rogers,jason.rogers6@company.com,Operations,Operations Associate,,2022-01-25,10.1,Bachelor's,3.0,Active,,,97.3,9,0.5,"Austin, TX"
EMP1185,Catherine,Thompson,catherine.thompson35@company.com,Operations,Supply Chain Analyst,62000.0,2019-05-13,2.5,Bachelor's,5.0,Active,,,70.6,7,0.0,"Austin, TX"
EMP1178,Laura,Garcia,laura.garcia28@company.com,Operations,Logistics Coordinator,59400.0,2021-01-29,6.4,Master's,3.0,Resigned,2021-08-24,Better Compensation,92.3,15,0.5,"London, UK"
EMP1077,David,Phillips,david.phillips27@company.com,Customer Success,Support Specialist,54300.0,2024-06-21,2.7,Master's,3.0,Active,,,85.7,4,0.0,"San Francisco, CA"
EMP1383,Jason,Carter,jason.carter33@company.com,  operations  ,Logistics Coordinator,64000.0,2020-10-29,7.9,Master's,3.0,Active,,,88.5,12,1.0,"London, UK"
EMP1477,Jason,Robinson,jason.robinson27@company.com,Customer Success,CS Team Lead,53000.0,2021-12-06,2.0,Bachelor's,3.0,Active,,,96.3,21,0.0,"Austin, TX"
EMP1186,Stephen,Mitchell,stephen.mitchell36@company.com,Customer Success,Customer Success Manager,54100.0,2024-11-11,6.7,Associate's,4.0,Active,,,,5,0.5,"Austin, TX"
EMP1031,Christine,Hill,christine.hill31@company.com,Customer Success,Implementation Consultant,60900.0,2018-10-25,9.7,Bachelor's,1.0,Active,,,90.3,22,1.0,"New York, NY"
EMP1079,Eric,Carter,eric.carter29@company.com,Customer Success,CS Team Lead,50600.0,2021-05-02,2.3,Bachelor's,3.0,Resigned,2023-12-26,Work-Life Balance,95.6,4,1.0,Remote
EMP1168,Ryan,Rodriguez,ryan.rodriguez18@company.com,  sales  ,Business Development Rep,54800.0,2024-09-10,0.9,Bachelor's,3.0,Resigned,2026-01-01,Better Compensation,88.4,21,0.0,Remote
EMP1056,Robert,Carter,robert.carter6@company.com,Customer Success,Support Specialist,45500.0,2021-12-11,1.0,Master's,3.0,Active,,,87.9,15,0.5,"London, UK"
EMP1010,Kenneth,Ramirez,kenneth.ramirez10@company.com,Customer Success,CS Team Lead,60500.0,2025-03-18,9.2,Master's,3.0,Active,,,83.9,11,0.0,"San Francisco, CA"
EMP1085,Jeffrey,Hernandez,jeffrey.hernandez35@company.com,Engineering,Data Scientist,109500.0,2021-08-13,10.0,Associate's,3.0,Active,,,90.2,3,0.0,"San Francisco, CA"
EMP1174,Helen,Stewart,helen.stewart24@company.com,Finance,Financial Analyst,70100.0,2025-04-03,2.1,Bachelor's,2.0,Active,,,87.6,14,0.0,Remote
EMP1500,Kathleen,Cooper,kathleen.cooper0@company.com,Engineering,QA Lead,97300.0,2021-11-23,4.8,Associate's,3.0,Active,,,90.4,24,0.0,"Austin, TX"
EMP1303,Tyler,Collins,tyler.collins3@company.com,Engineering,Software Engineer,96400.0,2019-10-10,7.7,PhD,1.0,Resigned,2022-06-29,Relocation,96.3,16,0.0,Remote
EMP1138,Nicole,Cruz,nicole.cruz38@company.com,Product,Senior Product Manager,91400.0,2020-06-01,6.2,Master's,3.0,Resigned,2023-07-15,Better Compensation,75.0,6,0.5,Remote
EMP1339,Elizabeth,Williams,elizabeth.williams39@company.com,Sales,Account Executive,60600.0,2025-03-30,2.6,Bachelor's,,Active,,,92.2,7,0.0,"Chicago, IL"
EMP1193,Patricia,Murphy,patricia.murphy43@company.com,Finance,Payroll Specialist,,2023-06-02,12.1,Bachelor's,3.0,Active,,,92.6,24,0.5,"Chicago, IL"
EMP1078,Joshua,Hernandez,joshua.hernandez28@company.com,Human Resources,HR Generalist,55600.0,2024-04-04,1.6,Bachelor's,4.0,Active,,,91.9,22,1.0,"London, UK"
EMP1417,Emily,Miller,emily.miller17@company.com,Human Resources,HR Director,57500.0,2025-03-20,5.7,Bachelor's,3.0,Active,,,93.0,10,0.0,"Austin, TX"
EMP1273,Lisa,Peterson,lisa.peterson23@company.com,Engineering,Engineering Manager,81000.0,2023-03-06,5.0,Master's,5.0,Active,,,86.6,9,0.5,"Chicago, IL"
EMP1149,Elizabeth,Lopez,elizabeth.lopez49@company.com,Product,Technical Product Lead,130800.0,2024-07-05,13.2,Master's,3.0,Active,,,88.3,4,0.5,"London, UK"
EMP1083,Samuel,Martin,samuel.martin33@company.com,Finance,Staff Accountant,73400.0,2018-10-20,4.3,Master's,,Active,,,89.7,12,1.0,Remote
EMP1248,Robert,King,robert.king48@company.com,Product,Senior Product Manager,103300.0,2019-09-17,4.9,Master's,2.0,Active,,,92.9,10,0.5,"London, UK"
EMP1102,Richard,Gonzalez,richard.gonzalez2@company.com,Customer Success,Customer Success Manager,56700.0,2025-10-13,2.2,Master's,3.0,Active,,,97.2,3,0.0,"Chicago, IL"
EMP1362,Kathleen,Sanchez,kathleen.sanchez12@company.com,Sales,Sales Associate,57800.0,2020-04-27,2.4,Master's,2.0,Active,,,92.4,12,0.0,"Austin, TX"
EMP1181,Melissa,Cruz,melissa.cruz31@company.com,Sales,Enterprise Sales Lead,63700.0,2019-07-18,3.7,Associate's,3.0,Resigned,2022-10-04,Work-Life Balance,87.4,23,0.5,"San Francisco, CA"
EMP1408,Richard,Thompson,richard.thompson8@company.com,Engineering,DevOps Engineer,90400.0,2022-01-15,2.5,Bachelor's,4.0,Active,,,83.4,13,0.5,Remote
EMP1519,Kimberly,Martin,kimberly.martin19@company.com,Finance,Financial Analyst,67200.0,2018-01-01,3.0,Bachelor's,3.0,Active,,,93.9,7,0.5,"Chicago, IL"
EMP1451,Aaron,Cooper,aaron.cooper1@company.com,Finance,Staff Accountant,64900.0,2021-05-05,3.3,Master's,3.0,Active,,,94.6,23,0.5,"New York, NY"
EMP1462,Jerry,Nguyen,jerry.nguyen12@company.com,Marketing,Growth Marketing Lead,65700.0,2023-08-15,3.0,Bachelor's,3.0,Active,,,97.4,15,0.5,"London, UK"
EMP1501,Rachel,Gutierrez,rachel.gutierrez1@company.com,Customer Success,Implementation Consultant,56400.0,2025-09-24,5.5,Master's,1.0,Active,,,94.9,24,0.0,"Austin, TX"
EMP1361,Stephen,Morales,stephen.morales11@company.com,Marketing,Marketing Specialist,72500.0,2022-01-17,6.6,Master's,1.0,Active,,,73.3,5,0.5,Remote
EMP1427,Nicole,Adams,nicole.adams27@company.com,Product,Technical Product Lead,92800.0,2024-10-30,1.5,Associate's,4.0,Active,,,95.9,10,0.5,"Austin, TX"
EMP1369,Anna,Gomez,anna.gomez19@company.com,Operations,Operations Manager,68600.0,2023-10-30,6.3,Master's,3.0,Active,,,88.1,3,1.0,"London, UK"
EMP1076,Mary,Torres,mary.torres26@company.com,Customer Success,CS Team Lead,61300.0,2022-12-10,4.6,Bachelor's,3.0,Active,,,85.5,4,0.5,"Austin, TX"
EMP1210,Edward,Green,edward.green10@company.com,Marketing,Growth Marketing Lead,84500.0,2023-12-24,12.5,Master's,3.0,Active,,,97.4,14,1.0,Remote
EMP1159,Timothy,Campbell,timothy.campbell9@company.com,Human Resources,Talent Acquisition Lead,59800.0,2024-11-05,8.1,Bachelor's,3.0,Active,,,91.0,17,0.0,"London, UK"
EMP1291,Timothy,Morales,timothy.morales41@company.com,Product,Technical Product Lead,89500.0,2023-06-25,6.3,Bachelor's,2.0,Active,,,80.2,21,0.0,"San Francisco, CA"
EMP1069,Aaron,King,aaron.king19@company.com,Operations,Operations Manager,55700.0,2024-09-07,4.6,Bachelor's,4.0,Active,,,99.3,11,1.0,"New York, NY"
EMP1090,Michael,Harris,michael.harris40@company.com,Operations,Logistics Coordinator,68900.0,2025-01-05,5.7,Bachelor's,3.0,Active,,,79.3,4,0.0,"Chicago, IL"
EMP1064,Pamela,Young,pamela.young14@company.com,Sales,Sales Manager,72900.0,2025-09-03,4.5,Bachelor's,3.0,Active,,,98.6,6,1.0,"New York, NY"
EMP1424,Matthew,Baker,matthew.baker24@company.com,Sales,Business Development Rep,58100.0,2018-07-10,2.5,Master's,5.0,Active,,,94.5,24,1.0,"New York, NY"
EMP1441,Gregory,Nelson,gregory.nelson41@company.com,Operations,Operations Manager,59300.0,2021-04-17,4.6,Associate's,3.0,Active,,,88.9,22,1.0,"Austin, TX"
EMP1080,Ruth,Clark,ruth.clark30@company.com,Human Resources,HR Business Partner,63000.0,2025-05-29,7.3,Bachelor's,2.0,Active,,,91.8,10,0.0,"London, UK"
EMP1205,Joshua,Stewart,joshua.stewart5@company.com,Engineering,DevOps Engineer,101300.0,2021-09-18,9.3,Master's,3.0,Active,,,78.4,16,1.0,"Chicago, IL"
EMP1034,Susan,Peterson,susan.peterson34@company.com,Marketing,SEO Analyst,54000.0,2021-02-28,3.3,Bachelor's,3.0,Resigned,2022-08-03,Company Culture,76.8,24,1.0,"Chicago, IL"
EMP1228,Nancy,Adams,nancy.adams28@company.com,Customer Success,Support Specialist,51500.0,2025-08-18,5.6,PhD,3.0,Active,,,87.2,21,0.5,"New York, NY"
EMP1360,Anthony,Harris,anthony.harris10@company.com,Product,Senior Product Manager,109700.0,2025-05-29,6.5,Bachelor's,3.0,Active,,,95.5,10,0.0,"New York, NY"
EMP1001,Samantha,Anderson,samantha.anderson1@company.com,Engineering,Engineering Manager,100200.0,2021-01-31,7.1,PhD,2.0,Resigned,2022-09-14,Career Transition,78.6,6,1.0,Remote
EMP1012,Michael,Anderson,michael.anderson12@company.com,Marketing,Content Strategist,62800.0,2025-08-19,8.5,Master's,3.0,Active,,,98.9,5,0.5,"Austin, TX"
EMP1258,Sandra,Ramirez,sandra.ramirez8@company.com,Customer Success,Implementation Consultant,53000.0,2018-07-10,5.1,Master's,5.0,Active,,,95.0,24,0.5,"London, UK"
EMP1023,Carolyn,Miller,carolyn.miller23@company.com,Sales,Sales Associate,,2022-07-08,7.2,Bachelor's,4.0,Active,,,90.1,6,0.0,"San Francisco, CA"
EMP1515,William,Roberts,william.roberts15@company.com,Finance,Staff Accountant,81600.0,2020-10-10,9.3,Bachelor's,4.0,Active,,,94.1,17,1.0,"San Francisco, CA"
EMP1132,Andrew,Flores,andrew.flores32@company.com,Operations,Operations Associate,70400.0,2024-06-25,6.1,Bachelor's,3.0,Active,,,91.4,7,1.0,"Austin, TX"
EMP1335,Jessica,Lopez,jessica.lopez35@company.com,Marketing,SEO Analyst,61400.0,2025-11-26,1.8,Bachelor's,3.0,Active,,,90.6,4,0.0,"Chicago, IL"
EMP1133,Susan,Hall,susan.hall33@company.com,Operations,Operations Associate,62100.0,2021-02-15,4.0,Master's,3.0,Resigned,2022-08-22,Health/Personal,83.2,20,1.0,"London, UK"
EMP1125,Kathleen,Phillips,kathleen.phillips25@company.com,Product,Associate Product Manager,101600.0,2023-07-02,3.6,Bachelor's,4.0,Active,,,,17,0.0,"New York, NY"
EMP1150,Dorothy,Stewart,dorothy.stewart0@company.com,Marketing,Marketing Specialist,55200.0,2023-01-20,2.6,Bachelor's,,Active,,,88.0,13,1.0,"New York, NY"
EMP1019,Catherine,Flores,catherine.flores19@company.com,Product,Senior Product Manager,112900.0,2022-11-30,11.4,Bachelor's,2.0,Resigned,2026-01-01,Relocation,94.8,10,0.0,"Chicago, IL"
EMP1512,Paul,Gomez,paul.gomez12@company.com,Finance,Finance Manager,90300.0,2022-01-27,14.4,Bachelor's,4.0,Active,,,93.4,19,0.5,"Austin, TX"
EMP1297,Frank,Gonzalez,frank.gonzalez47@company.com,Marketing,Growth Marketing Lead,63500.0,2018-08-31,5.0,Master's,5.0,Active,,,88.5,23,0.0,Remote
EMP1016,Helen,Ortiz,helen.ortiz16@company.com,,QA Lead,86400.0,2021-08-20,3.1,Bachelor's,3.0,Active,,,92.3,6,0.5,"Chicago, IL"
EMP1118,Emily,Jones,emily.jones18@company.com,Operations,Supply Chain Analyst,51200.0,2022-12-22,1.8,Bachelor's,4.0,Resigned,2025-09-17,Career Transition,83.9,6,1.0,"Chicago, IL"
EMP1040,Mark,Sanchez,mark.sanchez40@company.com,Customer Success,Implementation Consultant,57100.0,2021-06-04,4.0,Master's,4.0,Active,,,96.3,10,0.0,"New York, NY"
EMP1488,Nancy,Jones,nancy.jones38@company.com,Operations,Supply Chain Analyst,64300.0,2025-05-06,3.7,Master's,1.0,Active,,,94.5,8,0.0,"Chicago, IL"
EMP1266,Barbara,Rivera,barbara.rivera16@company.com,Sales,Enterprise Sales Lead,70000.0,2024-09-15,4.7,Master's,3.0,Resigned,2026-01-01,Health/Personal,96.5,12,0.5,"Austin, TX"
EMP1047,Sharon,Adams,sharon.adams47@company.com,Customer Success,CS Team Lead,61500.0,2022-12-17,4.4,Bachelor's,3.0,Resigned,2024-05-27,Pursuing Higher Education,92.7,8,1.0,"New York, NY"
EMP1094,Matthew,Rogers,matthew.rogers44@company.com,Marketing,Marketing Specialist,61600.0,2021-02-05,4.6,Bachelor's,4.0,Active,,,75.5,16,0.5,"London, UK"
EMP1486,Stephanie,Gutierrez,stephanie.gutierrez36@company.com,Finance,Controller,74900.0,2018-08-24,7.4,Bachelor's,5.0,Active,,,93.3,8,1.0,"Austin, TX"
EMP1177,Susan,Hernandez,susan.hernandez27@company.com,Operations,Operations Manager,54000.0,2021-06-09,4.4,Bachelor's,3.0,Active,,,97.7,16,0.0,Remote
EMP1305,Katherine,Perez,katherine.perez5@company.com,Engineering,Data Scientist,94100.0,2025-01-06,4.5,Bachelor's,3.0,Active,,,88.2,10,0.5,Remote
EMP1350,Daniel,Adams,daniel.adams0@company.com,Engineering,Software Engineer,115700.0,2019-08-29,11.2,Bachelor's,2.0,Resigned,2020-09-12,Health/Personal,93.2,19,0.5,"New York, NY"
EMP1382,Samuel,Thompson,samuel.thompson32@company.com,Engineering,Senior Software Engineer,78000.0,2020-10-30,3.8,Master's,3.0,Active,,,98.2,12,1.0,Remote
EMP1504,Lisa,Taylor,lisa.taylor4@company.com,Human Resources,HR Generalist,,2021-01-10,3.6,Bachelor's,4.0,Active,,,74.8,20,0.5,"Austin, TX"
EMP1299,Rebecca,Carter,rebecca.carter49@company.com,Customer Success,Support Specialist,49800.0,2025-02-08,4.4,Master's,4.0,Active,,,87.3,5,0.5,"London, UK"
EMP1404,Sarah,Turner,sarah.turner4@company.com,Sales,Enterprise Sales Lead,68000.0,2024-12-05,4.5,Bachelor's,2.0,Active,,,84.8,6,0.0,"Austin, TX"
EMP1448,Stephanie,Parker,stephanie.parker48@company.com,  operations  ,Operations Associate,54700.0,2022-05-15,1.2,Master's,1.0,Resigned,2023-04-12,Pursuing Higher Education,93.9,22,0.0,Remote
EMP1312,Nicole,Torres,nicole.torres12@company.com,Engineering,Engineering Manager,93200.0,2021-05-20,9.3,Bachelor's,3.0,Resigned,2022-10-12,Pursuing Higher Education,95.6,9,1.0,"Austin, TX"
EMP1141,Raymond,Robinson,raymond.robinson41@company.com,Operations,Operations Associate,67200.0,2022-06-15,5.8,Bachelor's,4.0,Active,,,92.9,4,0.5,"New York, NY"
EMP1290,Emma,Miller,emma.miller40@company.com,Operations,Operations Associate,67600.0,2023-06-08,8.5,Master's,2.0,Active,,,90.6,15,1.0,"London, UK"
EMP1342,Brandon,Young,brandon.young42@company.com,Finance,Finance Manager,70800.0,2022-08-15,5.2,Bachelor's,4.0,Active,,,95.8,18,0.0,"New York, NY"
EMP1376,Melissa,Davis,melissa.davis26@company.com,Marketing,Marketing Specialist,76500.0,2021-06-28,8.0,PhD,4.0,Active,,,89.8,15,0.0,"London, UK"
EMP1070,Matthew,Hernandez,matthew.hernandez20@company.com,Human Resources,Talent Acquisition Lead,69700.0,2023-06-25,12.7,Master's,3.0,Active,,,70.0,10,1.0,"Austin, TX"
EMP1374,Heather,Hill,heather.hill24@company.com,Finance,Payroll Specialist,74900.0,2023-07-07,2.4,Bachelor's,4.0,Active,,,89.3,24,0.0,"San Francisco, CA"
EMP1498,Ruth,Cooper,ruth.cooper48@company.com,Engineering,Data Scientist,94300.0,2022-03-01,2.7,Bachelor's,3.0,Active,,,95.5,18,1.0,"Chicago, IL"
EMP1183,Brandon,Torres,brandon.torres33@company.com,Customer Success,Customer Success Manager,61700.0,2019-05-18,12.9,PhD,2.0,Active,,,88.8,5,0.5,"San Francisco, CA"
EMP1272,Gary,Young,gary.young22@company.com,Operations,Logistics Coordinator,63400.0,2021-02-22,6.3,Associate's,2.0,Resigned,2023-08-05,Work-Life Balance,92.3,21,0.0,"London, UK"
EMP1131,Anna,Bailey,anna.bailey31@company.com,Operations,Operations Associate,59400.0,2022-08-10,6.0,Bachelor's,3.0,Active,,,93.2,24,0.5,Remote
EMP1419,Stephanie,Evans,stephanie.evans19@company.com,Engineering,QA Lead,95100.0,2024-02-28,2.9,Bachelor's,2.0,Resigned,2024-05-28,Health/Personal,87.7,22,1.0,Remote
EMP1443,Dorothy,Carter,dorothy.carter43@company.com,Sales,Business Development Rep,77300.0,2020-11-16,6.8,Master's,3.0,Active,,,87.1,12,0.0,"London, UK"
EMP1349,Nicole,Lewis,nicole.lewis49@company.com,Engineering,QA Lead,89900.0,2023-05-12,4.9,Bachelor's,1.0,Active,,,80.7,22,0.0,"San Francisco, CA"
EMP1372,Nicole,Stewart,nicole.stewart22@company.com,Engineering,Senior Software Engineer,93300.0,2021-02-02,6.1,Master's,3.0,Active,,,80.7,22,1.0,Remote
EMP1480,Susan,Martin,susan.martin30@company.com,Product,Senior Product Manager,85900.0,2020-12-06,2.7,Master's,4.0,Active,,,96.1,16,1.0,"Chicago, IL"
EMP1466,Eric,Scott,eric.scott16@company.com,Finance,Controller,73300.0,2024-02-08,2.9,Bachelor's,3.0,Active,,,95.2,15,1.0,"Austin, TX"
EMP1287,Emma,Thompson,emma.thompson37@company.com,Finance,Controller,84300.0,2024-08-14,6.9,Bachelor's,2.0,Active,,,84.7,7,0.5,"New York, NY"
EMP1154,Justin,Jackson,justin.jackson4@company.com,Operations,Operations Manager,62900.0,2025-05-11,3.4,Master's,3.0,Active,,,94.2,15,0.0,"London, UK"
EMP1155,William,Flores,william.flores5@company.com,,Senior Product Manager,105400.0,2019-06-08,10.0,Master's,3.0,Active,,,95.8,24,1.0,"New York, NY"
EMP1371,Larry,Gonzalez,larry.gonzalez21@company.com,Finance,Controller,83900.0,2021-11-09,5.2,Bachelor's,4.0,Active,,,94.7,11,0.5,Remote
EMP1288,Joseph,White,joseph.white38@company.com,Operations,Supply Chain Analyst,54300.0,2023-09-24,4.8,Bachelor's,3.0,Active,,,98.5,22,0.0,"London, UK"
EMP1468,James,Cook,james.cook18@company.com,Marketing,Growth Marketing Lead,62800.0,2019-11-10,8.8,Bachelor's,3.0,Active,,,85.0,19,1.0,"Chicago, IL"
EMP1508,Anna,Allen,anna.allen8@company.com,Operations,Operations Associate,47600.0,2022-08-14,1.3,Master's,2.0,Active,,,92.0,24,1.0,"San Francisco, CA"
EMP1196,Paul,Edwards,paul.edwards46@company.com,Human Resources,Recruiter,66700.0,2019-02-01,9.0,Bachelor's,2.0,Active,,,98.1,15,1.0,"Austin, TX"
EMP1418,Brenda,Edwards,brenda.edwards18@company.com,Sales,Business Development Rep,74600.0,2023-01-06,6.2,Bachelor's,3.0,Active,,,95.0,18,1.0,Remote
EMP1020,Stephen,Robinson,stephen.robinson20@company.com,Human Resources,HR Generalist,,2018-10-18,3.7,Bachelor's,2.0,Resigned,2019-05-16,Career Transition,87.2,4,0.5,"New York, NY"
EMP1389,Nancy,Bailey,nancy.bailey39@company.com,Marketing,SEO Analyst,70700.0,2019-02-04,8.8,Master's,3.0,Active,,,75.5,11,1.0,"London, UK"
EMP1057,Helen,Lewis,helen.lewis7@company.com,Customer Success,Customer Success Manager,74100.0,2021-01-22,14.1,Master's,1.0,Resigned,2023-10-01,Relocation,70.4,13,1.0,Remote
EMP1212,Raymond,Clark,raymond.clark12@company.com,Customer Success,Implementation Consultant,65800.0,2023-05-20,13.0,Master's,3.0,Active,,,90.5,11,0.5,"New York, NY"
EMP1463,Donald,Perez,donald.perez13@company.com,Marketing,Growth Marketing Lead,78700.0,2019-10-15,14.3,Master's,2.0,Active,,,85.2,21,1.0,"San Francisco, CA"
EMP1405,Betty,King,betty.king5@company.com,  human resources  ,HR Business Partner,59100.0,2025-11-21,5.1,Bachelor's,3.0,Active,,,94.9,8,0.0,"London, UK"
EMP1457,Alexander,Martin,alexander.martin7@company.com,Operations,Operations Manager,77800.0,2022-10-21,13.8,Master's,2.0,Active,,,98.1,13,0.0,"San Francisco, CA"
EMP1366,Deborah,Gutierrez,deborah.gutierrez16@company.com,Product,Technical Product Lead,110300.0,2024-06-03,7.3,Bachelor's,4.0,Active,,,88.5,18,0.5,"New York, NY"
EMP1026,Linda,Perez,linda.perez26@company.com,Product,Associate Product Manager,100800.0,2022-05-19,3.2,Master's,3.0,Active,,,86.4,17,0.5,"Austin, TX"
EMP1273,Lisa,Peterson,lisa.peterson23@company.com,Engineering,Engineering Manager,81000.0,2023-03-06,5.0,Master's,,Active,,,86.6,9,0.5,"Chicago, IL"
EMP1043,Brian,Green,brian.green43@company.com,Product,Associate Product Manager,98900.0,2022-04-27,3.5,Associate's,1.0,Resigned,2023-08-19,Work-Life Balance,83.5,16,0.0,"London, UK"
EMP1330,Donald,Turner,donald.turner30@company.com,Customer Success,Support Specialist,55100.0,2019-08-07,3.1,PhD,4.0,Active,,,88.3,5,0.0,"San Francisco, CA"
EMP1481,Debra,Gomez,debra.gomez31@company.com,Human Resources,Talent Acquisition Lead,64300.0,2024-03-11,3.8,Master's,4.0,Active,,,92.2,18,0.0,"Chicago, IL"
EMP1197,Christopher,Adams,christopher.adams47@company.com,Operations,Supply Chain Analyst,55100.0,2019-10-15,3.7,PhD,3.0,Active,,,,19,0.5,"Austin, TX"
EMP1300,Alexander,Mitchell,alexander.mitchell0@company.com,Customer Success,CS Team Lead,48900.0,2021-09-02,3.7,Master's,3.0,Active,,,86.0,5,1.0,"Austin, TX"
EMP1127,Scott,Ortiz,scott.ortiz27@company.com,Finance,Finance Manager,73200.0,2023-09-02,3.8,Master's,3.0,Active,,,94.4,6,1.0,"New York, NY"
EMP1442,Dennis,Johnson,dennis.johnson42@company.com,Sales,Sales Manager,57000.0,2022-12-31,1.2,Master's,3.0,Resigned,2024-08-04,Company Culture,92.2,22,0.0,"New York, NY"
EMP1354,Kenneth,Lewis,kenneth.lewis4@company.com,Sales,Business Development Rep,64800.0,2019-07-31,4.7,Associate's,3.0,Active,,,87.2,5,0.0,"Chicago, IL"
EMP1032,Margaret,Cook,margaret.cook32@company.com,Finance,Staff Accountant,83400.0,2021-11-30,9.1,Bachelor's,4.0,Active,,,94.9,10,0.5,"Chicago, IL"
EMP1114,Melissa,King,melissa.king14@company.com,Product,Senior Product Manager,100900.0,2019-03-20,9.7,PhD,3.0,Active,,,90.9,18,0.0,"London, UK"
EMP1173,Ryan,Jones,ryan.jones23@company.com,Finance,Staff Accountant,64000.0,2018-06-29,2.7,Bachelor's,4.0,Active,,,92.4,4,0.5,"Chicago, IL"
EMP1239,Jack,Thompson,jack.thompson39@company.com,,Technical Product Lead,94200.0,2018-07-12,5.4,Master's,5.0,Active,,,97.4,23,1.0,"Austin, TX"
EMP1398,Michelle,Taylor,michelle.taylor48@company.com,Sales,Business Development Rep,62300.0,2023-08-24,4.8,Bachelor's,2.0,Resigned,2025-08-09,Career Transition,88.2,4,0.5,"Chicago, IL"
EMP1058,Patrick,Perez,patrick.perez8@company.com,Customer Success,Customer Success Manager,59400.0,2024-12-23,10.2,Master's,,Active,,,91.2,15,1.0,"London, UK"
EMP1226,Janet,Mitchell,janet.mitchell26@company.com,PRODUCT,Technical Product Lead,100000.0,2024-01-11,4.6,Master's,4.0,Active,,,92.2,9,0.0,Remote
EMP1025,Katherine,Cooper,katherine.cooper25@company.com,Engineering,Software Engineer,115800.0,2020-08-26,10.1,Master's,2.0,Active,,,91.3,18,0.5,"San Francisco, CA"
EMP1018,Stephen,Perez,stephen.perez18@company.com,Finance,Controller,89400.0,2024-10-20,6.4,Master's,3.0,Active,,,89.0,9,1.0,Remote
EMP1209,Maria,Stewart,maria.stewart9@company.com,Engineering,Engineering Manager,111200.0,2019-07-20,8.7,Bachelor's,3.0,Active,,,91.8,20,0.5,Remote
EMP1067,Jonathan,Morris,jonathan.morris17@company.com,Customer Success,CS Team Lead,55400.0,2024-08-23,7.2,PhD,3.0,Active,,,96.3,10,0.0,"Chicago, IL"
EMP1221,Mary,Baker,mary.baker21@company.com,Finance,Controller,86100.0,2025-07-25,7.7,PhD,4.0,Active,,,90.2,8,1.0,Remote
EMP1406,Anthony,Morris,anthony.morris6@company.com,Operations,Supply Chain Analyst,82200.0,2018-01-12,14.3,Master's,1.0,Active,,,85.3,5,0.0,"London, UK"
EMP1245,Matthew,Thomas,matthew.thomas45@company.com,Customer Success,Customer Success Manager,59800.0,2025-10-20,10.2,Master's,3.0,Active,,,94.7,9,0.5,"San Francisco, CA"
EMP1377,Patricia,Thompson,patricia.thompson27@company.com,Human Resources,Recruiter,56900.0,2018-08-25,6.0,Master's,3.0,Active,,,96.5,17,0.0,"Chicago, IL"
EMP1095,James,Torres,james.torres45@company.com,Finance,Controller,81900.0,2024-07-03,9.9,Bachelor's,5.0,Active,,,70.0,18,0.0,"Austin, TX"
EMP1520,Mary,Morales,mary.morales20@company.com,Customer Success,Implementation Consultant,67100.0,2018-02-07,8.2,Master's,4.0,Active,,,88.0,12,1.0,"San Francisco, CA"
EMP1232,Rebecca,Mitchell,rebecca.mitchell32@company.com,Product,Technical Product Lead,109200.0,2022-03-27,8.9,Bachelor's,3.0,Active,,,95.2,24,1.0,"London, UK"
EMP1024,Laura,Moore,laura.moore24@company.com,Product,Product Manager,91700.0,2021-02-14,3.3,Bachelor's,3.0,Active,,,83.1,5,0.5,"London, UK"
EMP1450,Jeffrey,Carter,jeffrey.carter0@company.com,Product,Associate Product Manager,102700.0,2023-04-26,8.6,Bachelor's,2.0,Active,,,91.8,10,0.0,Remote
EMP1282,Laura,Green,laura.green32@company.com,Sales,Sales Manager,64300.0,2018-07-03,1.0,Master's,4.0,Active,,,93.4,6,0.0,"Chicago, IL"
EMP1325,Rebecca,Green,rebecca.green25@company.com,Finance,Financial Analyst,75700.0,2024-05-30,6.0,Bachelor's,3.0,Active,,,84.7,19,1.0,"New York, NY"
EMP1006,Jennifer,Robinson,jennifer.robinson6@company.com,Finance,Financial Analyst,70200.0,2020-08-11,2.3,Master's,4.0,Active,,,91.7,15,0.5,"Austin, TX"
EMP1117,Christine,Cooper,christine.cooper17@company.com,Product,Product Manager,104900.0,2022-08-27,10.6,Associate's,3.0,Active,,,80.7,18,1.0,"Austin, TX"
EMP1046,Christine,Carter,christine.carter46@company.com,Marketing,Brand Designer,77800.0,2024-05-20,8.5,Bachelor's,3.0,Active,,,88.7,20,0.0,"Chicago, IL"
EMP1336,Catherine,Young,catherine.young36@company.com,Operations,Logistics Coordinator,53600.0,2023-10-05,3.5,Bachelor's,1.0,Active,,,74.1,12,0.5,"San Francisco, CA"
EMP1298,Ashley,Jackson,ashley.jackson48@company.com,Operations,Supply Chain Analyst,73600.0,2025-08-01,9.1,Bachelor's,3.0,Active,,,95.9,7,1.0,Remote
EMP1017,Donald,Hernandez,donald.hernandez17@company.com,Sales,Business Development Rep,52800.0,2018-10-11,1.2,Master's,5.0,Active,,,92.5,20,0.0,"San Francisco, CA"
EMP1502,Dorothy,Campbell,dorothy.campbell2@company.com,Finance,Staff Accountant,104300.0,2024-02-25,13.1,Bachelor's,3.0,Active,,,93.1,11,0.5,"London, UK"
EMP1387,Debra,Moore,debra.moore37@company.com,Engineering,Engineering Manager,106600.0,2023-07-31,6.2,Bachelor's,5.0,Active,,,96.5,11,0.5,"Austin, TX"
EMP1004,Emily,Martin,emily.martin4@company.com,Human Resources,HR Business Partner,60900.0,2019-02-23,4.6,Master's,2.0,Resigned,2019-11-29,Relocation,85.8,14,1.0,"Chicago, IL"
EMP1290,Emma,Miller,emma.miller40@company.com,Operations,Operations Associate,67600.0,2023-06-08,8.5,Master's,2.0,Active,,,90.6,15,1.0,"London, UK"
EMP1393,Karen,Moore,karen.moore43@company.com,Human Resources,HR Business Partner,56000.0,2022-08-04,4.4,Master's,5.0,Active,,,84.9,17,0.0,"Chicago, IL"
EMP1061,Brian,Lewis,brian.lewis11@company.com,Sales,Sales Associate,56800.0,2018-05-08,2.4,Bachelor's,5.0,Active,,,93.2,9,0.0,"London, UK"
EMP1111,Barbara,Nguyen,barbara.nguyen11@company.com,Operations,Logistics Coordinator,63600.0,2019-12-21,10.0,Bachelor's,3.0,Active,,,93.8,20,0.5,"London, UK"
EMP1375,Janet,Cruz,janet.cruz25@company.com,Operations,Operations Manager,67300.0,2022-09-04,8.0,Master's,3.0,Resigned,2023-06-03,Career Transition,83.4,16,1.0,"Austin, TX"
EMP1347,Daniel,Thompson,daniel.thompson47@company.com,Human Resources,HR Director,60300.0,2021-07-26,9.5,Master's,4.0,Active,,,90.1,14,1.0,"New York, NY"
EMP1030,Emma,Hernandez,emma.hernandez30@company.com,Product,Senior Product Manager,102400.0,2020-12-04,6.7,Bachelor's,3.0,Active,,,96.8,13,0.0,"Chicago, IL"
EMP1235,Patrick,Anderson,patrick.anderson35@company.com,Engineering,Engineering Manager,93000.0,2022-09-14,6.4,Bachelor's,3.0,Active,,,89.0,3,0.0,"San Francisco, CA"
EMP1211,Aaron,King,aaron.king11@company.com,Customer Success,Customer Success Manager,55400.0,2020-10-06,6.7,Master's,3.0,Active,,,87.8,12,0.0,"Chicago, IL"
EMP1027,Carolyn,Bailey,carolyn.bailey27@company.com,Customer Success,Customer Success Manager,59200.0,2020-02-17,4.5,Bachelor's,3.0,Active,,,98.1,4,1.0,Remote
EMP1008,Nancy,Morgan,nancy.morgan8@company.com,Human Resources,Recruiter,48200.0,2023-03-09,1.4,Bachelor's,3.0,Active,,,85.3,23,1.0,"London, UK"
EMP1182,Patricia,White,patricia.white32@company.com,Customer Success,CS Team Lead,52200.0,2024-04-19,1.7,Bachelor's,2.0,Active,,,97.7,11,1.0,"Austin, TX"
EMP1490,Anna,Hall,anna.hall40@company.com,Operations,Operations Manager,72300.0,2020-07-15,7.0,Master's,3.0,Active,,,90.5,9,0.5,"Austin, TX"
EMP1109,Andrew,Robinson,andrew.robinson9@company.com,Operations,Supply Chain Analyst,54100.0,2025-02-20,2.9,Master's,2.0,Active,,,84.0,11,1.0,Remote
EMP1038,Christine,Wilson,christine.wilson38@company.com,Operations,Logistics Coordinator,65400.0,2024-12-17,10.6,Bachelor's,4.0,Resigned,2026-01-01,Career Transition,86.6,8,0.5,"New York, NY"
EMP1158,Jerry,Taylor,jerry.taylor8@company.com,Product,Product Manager,125000.0,2019-10-27,15.4,Bachelor's,2.0,Active,,,92.1,22,0.0,Remote
EMP1506,Kenneth,Morales,kenneth.morales6@company.com,,Payroll Specialist,84000.0,2024-04-21,6.5,Master's,4.0,Active,,,90.0,4,0.5,"New York, NY"
EMP1119,Samuel,Rivera,samuel.rivera19@company.com,Engineering,Data Scientist,90800.0,2021-02-04,3.8,Master's,2.0,Active,,,95.5,6,0.5,"New York, NY"
EMP1115,Anna,Adams,anna.adams15@company.com,Human Resources,HR Generalist,62200.0,2025-02-15,2.5,Bachelor's,4.0,Active,,,93.0,12,1.0,"Austin, TX"
EMP1281,Michelle,Baker,michelle.baker31@company.com,Customer Success,Customer Success Manager,58500.0,2023-11-05,5.2,Master's,3.0,Active,,,93.7,18,0.0,"Austin, TX"
EMP1204,Kenneth,Lee,kenneth.lee4@company.com,Product,Senior Product Manager,92600.0,2024-08-28,2.7,Master's,3.0,Active,,,89.3,19,1.0,"Austin, TX"
EMP1176,Amy,Mitchell,amy.mitchell26@company.com,Finance,Financial Analyst,78200.0,2022-10-05,3.4,Bachelor's,2.0,Active,,,93.3,22,0.0,"London, UK"
EMP1219,Janet,Nguyen,janet.nguyen19@company.com,Engineering,Software Engineer,90900.0,2021-05-07,8.3,Bachelor's,3.0,Resigned,2022-03-12,Work-Life Balance,85.0,23,1.0,"London, UK"
EMP1465,Heather,Campbell,heather.campbell15@company.com,Product,Technical Product Lead,91500.0,2023-02-06,1.3,Bachelor's,4.0,Active,,,91.2,4,1.0,"Chicago, IL"
EMP1145,Shirley,Harris,shirley.harris45@company.com,Operations,Operations Manager,52900.0,2025-03-28,3.7,Bachelor's,4.0,Active,,,92.0,10,0.0,"San Francisco, CA"
EMP1195,Kenneth,Hall,kenneth.hall45@company.com,Product,Product Manager,100200.0,2022-02-26,5.9,Bachelor's,3.0,Active,,,99.6,6,0.5,"San Francisco, CA"
EMP1400,Nancy,Phillips,nancy.phillips0@company.com,  engineering  ,Senior Software Engineer,95400.0,2020-07-07,4.0,Bachelor's,4.0,Resigned,2021-06-30,Career Transition,91.9,21,1.0,"San Francisco, CA"
EMP1412,Pamela,Morris,pamela.morris12@company.com,Customer Success,Customer Success Manager,53800.0,2024-11-08,3.6,Master's,3.0,Active,,,94.8,14,1.0,"New York, NY"
EMP1230,Diane,Flores,diane.flores30@company.com,Engineering,Data Scientist,87900.0,2020-11-08,3.3,Bachelor's,4.0,Active,,,86.4,9,1.0,"New York, NY"
EMP1251,Elizabeth,Miller,elizabeth.miller1@company.com,Engineering,Data Scientist,103900.0,2019-07-18,13.9,Bachelor's,4.0,Active,,,98.5,10,0.0,Remote
EMP1262,Dorothy,Brown,dorothy.brown12@company.com,Finance,Finance Manager,80400.0,2023-07-03,5.8,Bachelor's,3.0,Active,,,95.6,20,0.5,"Austin, TX"
EMP1482,Kathleen,Allen,kathleen.allen32@company.com,Finance,Controller,67800.0,2021-11-11,2.3,Master's,4.0,Active,,,,15,1.0,"San Francisco, CA"
EMP1142,Elizabeth,Green,elizabeth.green42@company.com,Product,Technical Product Lead,87800.0,2025-12-16,0.7,Bachelor's,3.0,Active,,,89.6,12,0.0,"Austin, TX"
EMP1396,Jason,Phillips,jason.phillips46@company.com,Product,Technical Product Lead,97400.0,2022-04-20,6.2,Bachelor's,1.0,Active,,,95.2,20,0.0,Remote
EMP1068,Ashley,Reyes,ashley.reyes18@company.com,Product,Senior Product Manager,129400.0,2018-04-28,14.7,Bachelor's,3.0,Active,,,92.1,13,0.0,"Austin, TX"
EMP1294,Dennis,Young,dennis.young44@company.com,Finance,Financial Analyst,71700.0,2023-01-17,3.1,Master's,4.0,Resigned,2024-10-06,Work-Life Balance,94.7,5,0.5,"New York, NY"
EMP1169,Jason,Smith,jason.smith19@company.com,Operations,Supply Chain Analyst,69000.0,2024-05-26,9.2,Bachelor's,3.0,Resigned,2026-01-01,Career Transition,97.4,5,1.0,"Chicago, IL"
EMP1189,Linda,Thomas,linda.thomas39@company.com,Marketing,SEO Analyst,63200.0,2019-11-06,6.3,PhD,5.0,Resigned,2020-12-31,Work-Life Balance,88.6,10,0.5,"London, UK"
EMP1505,Aaron,Martin,aaron.martin5@company.com,Customer Success,Support Specialist,71700.0,2019-12-25,14.0,Bachelor's,3.0,Active,,,96.2,7,1.0,"London, UK"
EMP1407,Karen,Lopez,karen.lopez7@company.com,Sales,Sales Associate,57900.0,2020-11-14,2.4,Bachelor's,3.0,Active,,,93.5,17,0.5,"Chicago, IL"
EMP1249,Amy,Peterson,amy.peterson49@company.com,Operations,Operations Manager,57800.0,2023-06-25,5.0,Bachelor's,5.0,Active,,,93.6,23,1.0,"Austin, TX"
EMP1194,Alexander,Davis,alexander.davis44@company.com,  marketing  ,Growth Marketing Lead,56800.0,2022-08-30,4.3,Master's,3.0,Resigned,2025-08-15,Relocation,92.1,22,0.0,"Chicago, IL"
EMP1082,Ryan,Martinez,ryan.martinez32@company.com,HUMAN RESOURCES,HR Business Partner,62800.0,2025-01-04,3.9,Bachelor's,3.0,Active,,,83.9,9,0.5,"New York, NY"
EMP1110,Debra,Moore,debra.moore10@company.com,Sales,Sales Associate,63900.0,2021-06-19,6.0,Master's,4.0,Active,,,89.4,4,1.0,"Chicago, IL"
EMP1479,Janet,Smith,janet.smith29@company.com,Sales,Enterprise Sales Lead,66500.0,2018-01-30,6.9,Bachelor's,3.0,Active,,,88.5,9,1.0,"Chicago, IL"
EMP1146,Daniel,Martin,daniel.martin46@company.com,Sales,Account Executive,69000.0,2025-01-16,3.5,Master's,3.0,Active,,,95.5,21,1.0,"Austin, TX"
EMP1093,Donna,Rogers,donna.rogers43@company.com,,Finance Manager,64900.0,2023-05-31,1.5,Bachelor's,5.0,Active,,,76.9,10,0.5,"London, UK"
EMP1153,Richard,Bailey,richard.bailey3@company.com,Product,Senior Product Manager,102800.0,2020-10-29,11.8,Bachelor's,4.0,Active,,,95.8,24,1.0,"San Francisco, CA"
EMP1256,William,Jones,william.jones6@company.com,  sales  ,Business Development Rep,73100.0,2022-04-03,4.8,Bachelor's,3.0,Active,,,88.7,18,0.0,Remote
EMP1426,Kathleen,Rogers,kathleen.rogers26@company.com,Marketing,Brand Designer,67600.0,2019-12-13,5.7,Master's,4.0,Active,,,82.8,7,0.0,"Austin, TX"
EMP1473,Timothy,Jackson,timothy.jackson23@company.com,Marketing,Brand Designer,74800.0,2025-05-25,13.4,Master's,2.0,Resigned,2026-01-01,Work-Life Balance,74.4,24,0.5,"Austin, TX"
EMP1470,Anthony,Lee,anthony.lee20@company.com,Product,Associate Product Manager,84100.0,2020-09-25,4.3,Bachelor's,1.0,Active,,,79.8,21,1.0,"San Francisco, CA"
EMP1084,Andrew,Cruz,andrew.cruz34@company.com,Sales,Business Development Rep,74200.0,2025-09-21,6.5,Bachelor's,3.0,Active,,,97.7,15,0.5,"London, UK"
EMP1104,Nancy,Thompson,nancy.thompson4@company.com,Sales,Enterprise Sales Lead,81100.0,2022-04-16,6.7,Bachelor's,3.0,Active,,,91.0,10,0.5,"London, UK"
EMP1166,Jacob,Edwards,jacob.edwards16@company.com,Engineering,Software Engineer,111500.0,2018-03-19,9.1,Master's,3.0,Active,,,79.9,7,1.0,Remote
EMP1164,Melissa,Walker,melissa.walker14@company.com,Product,Associate Product Manager,105900.0,2022-03-16,10.2,Master's,3.0,Active,,,95.6,13,0.0,Remote
EMP1200,Ruth,Phillips,ruth.phillips0@company.com,Operations,Operations Associate,76300.0,2022-06-29,13.1,Master's,2.0,Active,,,81.5,20,0.0,"Chicago, IL"
EMP1308,Susan,Green,susan.green8@company.com,Operations,Operations Manager,62200.0,2019-07-16,5.9,Bachelor's,3.0,Active,,,92.4,7,1.0,Remote
EMP1075,Jonathan,Taylor,jonathan.taylor25@company.com,Finance,Financial Analyst,67700.0,2018-08-12,3.9,Bachelor's,3.0,Active,,,95.7,7,1.0,"Austin, TX"
EMP1334,Laura,Reyes,laura.reyes34@company.com,Operations,Logistics Coordinator,74400.0,2019-05-10,12.9,Bachelor's,5.0,Resigned,2022-08-09,Work-Life Balance,87.3,9,0.5,"Chicago, IL"
EMP1250,Carolyn,Rivera,carolyn.rivera0@company.com,Marketing,Content Strategist,55900.0,2024-02-17,2.8,Bachelor's,3.0,Active,,,91.2,20,1.0,"New York, NY"
EMP1509,Katherine,Morgan,katherine.morgan9@company.com,Marketing,SEO Analyst,58300.0,2021-12-25,2.1,Bachelor's,3.0,Active,,,92.7,19,0.5,Remote
EMP1120,Samuel,Williams,samuel.williams20@company.com,Engineering,DevOps Engineer,104000.0,2020-09-24,11.6,Master's,3.0,Resigned,2021-09-06,Health/Personal,94.5,5,1.0,"San Francisco, CA"
EMP1440,Eric,Rodriguez,eric.rodriguez40@company.com,Marketing,Growth Marketing Lead,64600.0,2024-02-03,6.0,PhD,3.0,Active,,,92.8,5,0.5,"San Francisco, CA"
EMP1323,Frank,Anderson,frank.anderson23@company.com,Human Resources,HR Director,82700.0,2018-01-11,14.7,Bachelor's,1.0,Active,,,89.2,3,0.0,"New York, NY"
EMP1276,Alexander,Turner,alexander.turner26@company.com,Engineering,DevOps Engineer,,2025-11-13,16.4,PhD,4.0,Active,,,93.7,20,1.0,Remote
EMP1384,Ronald,Wilson,ronald.wilson34@company.com,Engineering,QA Lead,85700.0,2025-06-06,6.4,Master's,3.0,Resigned,2026-01-01,Pursuing Higher Education,89.0,22,0.5,"Chicago, IL"
EMP1433,Anthony,Cooper,anthony.cooper33@company.com,ENGINEERING,DevOps Engineer,117900.0,2023-01-28,10.1,Master's,4.0,Resigned,2023-11-23,Pursuing Higher Education,88.9,20,0.0,Remote
EMP1395,Emily,Clark,emily.clark45@company.com,Marketing,Brand Designer,63900.0,2019-10-11,7.6,Bachelor's,3.0,Active,,,95.7,5,0.0,"London, UK"
EMP1510,William,Carter,william.carter10@company.com,Finance,Finance Manager,81000.0,2025-01-31,6.1,Bachelor's,5.0,Active,,,91.4,8,1.0,"Chicago, IL"
EMP1269,George,Allen,george.allen19@company.com,Human Resources,Talent Acquisition Lead,74000.0,2024-08-29,10.8,Bachelor's,3.0,Active,,,95.0,17,0.0,"San Francisco, CA"
EMP1319,Linda,Flores,linda.flores19@company.com,Marketing,Marketing Specialist,54300.0,2018-02-21,3.9,Associate's,4.0,Active,,,93.8,3,0.0,"Austin, TX"
EMP1415,Ashley,Morris,ashley.morris15@company.com,Operations,Logistics Coordinator,55400.0,2019-09-01,3.7,Bachelor's,4.0,Active,,,94.3,20,1.0,"New York, NY"
EMP1435,Janet,Allen,janet.allen35@company.com,Human Resources,HR Director,63600.0,2022-12-20,5.9,Master's,4.0,Active,,,88.6,23,1.0,Remote
EMP1037,Charles,Parker,charles.parker37@company.com,Marketing,Marketing Specialist,74800.0,2021-06-16,6.8,Master's,3.0,Active,,,89.3,4,0.5,"San Francisco, CA"
EMP1140,Margaret,Moore,margaret.moore40@company.com,Finance,Payroll Specialist,76200.0,2021-09-05,8.0,Bachelor's,3.0,Resigned,2022-08-06,Better Compensation,74.1,16,0.0,"San Francisco, CA"
EMP1254,Richard,Ortiz,richard.ortiz4@company.com,Marketing,Content Strategist,53500.0,2020-02-26,0.5,Master's,3.0,Active,,,93.3,11,0.5,"Chicago, IL"
EMP1326,Aaron,Gutierrez,aaron.gutierrez26@company.com,Engineering,Data Scientist,71900.0,2018-10-10,1.4,Master's,3.0,Resigned,2021-08-17,Health/Personal,95.3,12,0.5,"New York, NY"
EMP1060,Carol,Carter,carol.carter10@company.com,Finance,Finance Manager,67100.0,2020-10-30,4.0,Bachelor's,4.0,Active,,,88.1,18,0.0,Remote
EMP1112,Paul,Perez,paul.perez12@company.com,Finance,Finance Manager,105800.0,2021-04-23,13.7,Associate's,4.0,Active,,,98.3,13,0.0,"Austin, TX"
EMP1285,Emily,Rodriguez,emily.rodriguez35@company.com,Sales,Enterprise Sales Lead,76300.0,2020-02-05,9.1,Bachelor's,3.0,Active,,,83.3,9,0.5,"New York, NY"
EMP1278,Dennis,Nelson,dennis.nelson28@company.com,Product,Associate Product Manager,99900.0,2018-02-13,9.8,Bachelor's,2.0,Active,,,77.4,10,1.0,Remote
EMP1263,Justin,Carter,justin.carter13@company.com,Sales,Enterprise Sales Lead,61500.0,2021-04-24,4.7,Master's,2.0,Resigned,2022-12-09,Company Culture,88.0,11,0.0,"Austin, TX"
EMP1391,Justin,Nguyen,justin.nguyen41@company.com,Customer Success,Support Specialist,68300.0,2023-04-12,12.9,Associate's,2.0,Active,,,,23,1.0,"London, UK"
EMP1151,Daniel,Garcia,daniel.garcia1@company.com,Human Resources,Talent Acquisition Lead,49000.0,2022-12-05,2.2,Bachelor's,3.0,Active,,,71.2,22,0.0,"Chicago, IL"
EMP1267,Patrick,Bailey,patrick.bailey17@company.com,Human Resources,HR Director,66700.0,2023-11-05,9.2,Bachelor's,2.0,Active,,,85.5,15,0.0,"San Francisco, CA"
EMP1413,Carolyn,Taylor,carolyn.taylor13@company.com,Customer Success,CS Team Lead,59000.0,2019-04-08,11.3,Bachelor's,4.0,Active,,,88.3,17,0.0,"New York, NY"
EMP1039,Kevin,Evans,kevin.evans39@company.com,Human Resources,HR Business Partner,66100.0,2019-10-15,8.3,Master's,4.0,Active,,,97.0,6,0.5,"New York, NY"
EMP1343,Sarah,Turner,sarah.turner43@company.com,Human Resources,HR Director,50500.0,2020-10-17,1.3,Master's,3.0,Active,,,95.0,20,0.0,"Austin, TX"
EMP1199,Michael,Torres,michael.torres49@company.com,Customer Success,CS Team Lead,64900.0,2021-03-16,10.3,Master's,4.0,Resigned,2024-06-17,Better Compensation,92.1,16,0.0,"Chicago, IL"
EMP1279,Justin,Lewis,justin.lewis29@company.com,Customer Success,Implementation Consultant,,2022-05-22,1.8,Bachelor's,3.0,Active,,,92.6,24,1.0,Remote
EMP1147,Larry,Adams,larry.adams47@company.com,Operations,Supply Chain Analyst,75200.0,2022-12-07,10.9,Master's,2.0,Active,,,95.1,17,1.0,"Chicago, IL"
EMP1425,Laura,Collins,laura.collins25@company.com,Marketing,Growth Marketing Lead,53300.0,2018-01-18,1.3,Master's,3.0,Active,,,85.7,4,1.0,"Austin, TX"
EMP1148,Pamela,Davis,pamela.davis48@company.com,Operations,Operations Associate,65800.0,2021-06-25,3.9,Master's,3.0,Active,,,95.1,4,0.0,"Chicago, IL"
EMP1332,Sharon,Taylor,sharon.taylor32@company.com,Human Resources,HR Business Partner,74000.0,2020-12-05,8.8,Bachelor's,4.0,Active,,,90.1,15,1.0,Remote
EMP1517,Helen,Wright,helen.wright17@company.com,Customer Success,Customer Success Manager,60300.0,2025-10-28,4.8,Master's,3.0,Active,,,96.6,21,1.0,"Austin, TX"
EMP1124,Nicholas,Lewis,nicholas.lewis24@company.com,Engineering,Engineering Manager,94600.0,2025-05-22,3.7,Bachelor's,3.0,Active,,,98.0,17,1.0,"New York, NY"
EMP1399,Eric,Ortiz,eric.ortiz49@company.com,Operations,Logistics Coordinator,62500.0,2025-09-14,7.1,Master's,5.0,Active,,,92.6,13,0.5,"Chicago, IL"
EMP1097,Maria,Evans,maria.evans47@company.com,Engineering,DevOps Engineer,85600.0,2023-04-22,3.3,Master's,4.0,Active,,,82.5,15,0.5,Remote
EMP1144,Angela,Hernandez,angela.hernandez44@company.com,Product,Senior Product Manager,75200.0,2021-10-22,1.1,Bachelor's,4.0,Resigned,2023-04-18,Work-Life Balance,91.2,5,1.0,Remote
EMP1240,Kenneth,Turner,kenneth.turner40@company.com,Product,Product Manager,91900.0,2021-05-13,6.9,Bachelor's,4.0,Resigned,2023-09-20,Career Transition,92.3,18,0.0,"San Francisco, CA"
EMP1507,Linda,Ramirez,linda.ramirez7@company.com,Finance,Finance Manager,88000.0,2025-01-23,11.7,Bachelor's,2.0,Active,,,72.0,13,0.5,"Chicago, IL"
EMP1098,Katherine,Martin,katherine.martin48@company.com,Customer Success,Support Specialist,55200.0,2019-06-02,1.0,PhD,3.0,Active,,,93.6,21,0.5,"New York, NY"
EMP1496,Janet,Harris,janet.harris46@company.com,Customer Success,Customer Success Manager,55700.0,2020-08-19,5.5,Bachelor's,4.0,Active,,,80.6,11,0.0,"San Francisco, CA"
EMP1423,Timothy,Wilson,timothy.wilson23@company.com,Finance,Controller,77300.0,2020-03-13,2.8,Master's,2.0,Active,,,87.9,15,0.0,"Austin, TX"
EMP1123,Michael,Taylor,michael.taylor23@company.com,Product,Associate Product Manager,84200.0,2018-09-18,3.5,Bachelor's,3.0,Active,,,78.5,14,1.0,"London, UK"
EMP1184,Jeffrey,Lopez,jeffrey.lopez34@company.com,Operations,Operations Manager,51400.0,2025-12-16,2.9,Master's,2.0,Active,,,79.4,20,0.5,"Chicago, IL"
EMP1203,Sarah,Nelson,sarah.nelson3@company.com,Customer Success,CS Team Lead,49000.0,2019-09-03,4.2,Associate's,3.0,Active,,,97.6,19,0.0,"Chicago, IL"
EMP1247,Patrick,Stewart,patrick.stewart47@company.com,Operations,Supply Chain Analyst,67300.0,2022-02-27,5.9,Master's,3.0,Active,,,93.4,4,1.0,"San Francisco, CA"
EMP1341,Jason,Thompson,jason.thompson41@company.com,Operations,Supply Chain Analyst,53700.0,2020-02-06,4.2,Master's,3.0,Active,,,85.5,17,0.0,"New York, NY"
EMP1321,Patricia,Nelson,patricia.nelson21@company.com,Product,Senior Product Manager,80200.0,2023-11-16,1.3,Bachelor's,2.0,Active,,,97.6,21,1.0,"New York, NY"
EMP1381,Frank,Clark,frank.clark31@company.com,Finance,Finance Manager,91400.0,2023-10-04,8.6,PhD,,Active,,,86.5,24,0.0,"Austin, TX"
EMP1324,Deborah,Martin,deborah.martin24@company.com,Marketing,Marketing Specialist,71600.0,2024-03-14,8.9,Bachelor's,4.0,Active,,,85.5,23,0.5,"San Francisco, CA"
EMP1429,Kenneth,Peterson,kenneth.peterson29@company.com,Human Resources,Recruiter,59500.0,2020-05-08,2.2,Associate's,3.0,Active,,,93.2,12,1.0,"Chicago, IL"
EMP1306,Richard,Smith,richard.smith6@company.com,Human Resources,Talent Acquisition Lead,61600.0,2018-11-16,7.8,Bachelor's,3.0,Resigned,2019-11-12,Pursuing Higher Education,91.8,24,0.5,"New York, NY"
EMP1126,Charles,Rodriguez,charles.rodriguez26@company.com,Marketing,SEO Analyst,81700.0,2025-01-01,15.0,Bachelor's,3.0,Active,,,77.0,20,1.0,"Chicago, IL"
EMP1357,Edward,Hall,edward.hall7@company.com,Product,Associate Product Manager,86800.0,2023-05-18,3.9,Bachelor's,3.0,Resigned,2024-11-19,Career Transition,89.4,4,0.5,"New York, NY"
EMP1224,Brenda,Johnson,brenda.johnson24@company.com,Finance,Payroll Specialist,81200.0,2025-10-08,5.2,Bachelor's,3.0,Active,,,97.5,24,0.0,"Austin, TX"
EMP1452,Anna,Jackson,anna.jackson2@company.com,Sales,Sales Associate,56200.0,2018-01-21,0.5,Associate's,3.0,Active,,,80.0,15,1.0,"London, UK"
EMP1220,Sarah,Cook,sarah.cook20@company.com,Customer Success,Implementation Consultant,62300.0,2020-02-29,9.1,Master's,2.0,Resigned,2021-01-14,Work-Life Balance,98.5,17,1.0,"Chicago, IL"
EMP1130,David,Lopez,david.lopez30@company.com,Sales,Sales Associate,65700.0,2022-11-04,5.8,Bachelor's,2.0,Active,,,81.9,14,0.0,"London, UK"
EMP1454,Brandon,Allen,brandon.allen4@company.com,Human Resources,HR Generalist,55800.0,2020-01-13,5.0,Bachelor's,3.0,Active,,,95.9,21,0.0,"London, UK"
EMP1311,Jason,Green,jason.green11@company.com,Marketing,Content Strategist,64300.0,2021-02-08,6.2,Master's,3.0,Active,,,96.6,10,1.0,"London, UK"
EMP1356,Tyler,Wilson,tyler.wilson6@company.com,Engineering,Software Engineer,97600.0,2022-04-30,8.7,Bachelor's,3.0,Active,,,95.0,16,0.0,"Austin, TX"
EMP1409,Ruth,Garcia,ruth.garcia9@company.com,Engineering,Senior Software Engineer,98600.0,2025-06-10,6.0,Associate's,3.0,Active,,,93.7,13,0.5,"Austin, TX"
EMP1313,Michael,Walker,michael.walker13@company.com,Customer Success,CS Team Lead,53900.0,2019-04-07,1.6,Associate's,3.0,Resigned,2020-11-10,Relocation,92.7,5,1.0,"New York, NY"
EMP1385,Kathleen,Rodriguez,kathleen.rodriguez35@company.com,Operations,Operations Manager,54600.0,2025-03-08,2.7,Master's,3.0,Active,,,82.7,11,0.5,Remote
EMP1317,Anthony,Martin,anthony.martin17@company.com,Operations,Logistics Coordinator,80900.0,2024-07-30,13.7,Bachelor's,3.0,Active,,,79.3,23,1.0,Remote
EMP1295,Donald,Clark,donald.clark45@company.com,Operations,Logistics Coordinator,59000.0,2019-11-11,5.9,Master's,3.0,Active,,,92.0,9,0.0,"New York, NY"
EMP1397,Mary,Adams,mary.adams47@company.com,Human Resources,HR Generalist,64900.0,2025-08-03,4.7,PhD,1.0,Active,,,95.0,10,0.0,Remote
EMP1368,Jason,Hernandez,jason.hernandez18@company.com,Product,Product Manager,93200.0,2025-01-13,1.9,Bachelor's,3.0,Resigned,2026-01-01,Health/Personal,98.1,13,1.0,"New York, NY"
EMP1113,Charles,Lewis,charles.lewis13@company.com,Product,Senior Product Manager,96400.0,2019-01-05,5.1,Bachelor's,4.0,Active,,,89.1,3,0.5,"London, UK"
EMP1180,Maria,Campbell,maria.campbell30@company.com,Operations,Logistics Coordinator,79800.0,2024-05-12,12.7,Associate's,1.0,Active,,,80.9,7,1.0,"Austin, TX"
EMP1333,Laura,Wright,laura.wright33@company.com,Human Resources,HR Generalist,64700.0,2020-04-10,3.7,Bachelor's,2.0,Active,,,85.2,21,0.0,"San Francisco, CA"
EMP1430,Thomas,Thompson,thomas.thompson30@company.com,Operations,Operations Associate,61000.0,2021-12-13,4.1,Master's,3.0,Active,,,88.5,21,1.0,Remote
EMP1358,Susan,Martinez,susan.martinez8@company.com,Operations,Supply Chain Analyst,58000.0,2022-03-18,6.5,Bachelor's,2.0,Active,,,94.3,5,1.0,"New York, NY"
EMP1315,Kimberly,Ramirez,kimberly.ramirez15@company.com,Engineering,Software Engineer,82400.0,2022-06-19,4.1,Master's,3.0,Active,,,98.4,23,1.0,"London, UK"
EMP1152,Andrew,Roberts,andrew.roberts2@company.com,Product,Senior Product Manager,101500.0,2025-08-12,4.0,Bachelor's,3.0,Active,,,98.3,23,1.0,"Chicago, IL"
EMP1453,Michelle,Clark,michelle.clark3@company.com,Operations,Supply Chain Analyst,58400.0,2022-08-18,6.4,Bachelor's,4.0,Active,,,98.0,19,0.0,"San Francisco, CA"
EMP1234,Cynthia,Cooper,cynthia.cooper34@company.com,Product,Technical Product Lead,88100.0,2020-07-29,4.6,Bachelor's,3.0,Active,,,93.2,14,0.0,"Chicago, IL"
EMP1484,Carol,Peterson,carol.peterson34@company.com,Engineering,Senior Software Engineer,91000.0,2022-05-13,5.6,Bachelor's,5.0,Active,,,91.7,3,0.0,"San Francisco, CA"
EMP1337,Stephanie,Edwards,stephanie.edwards37@company.com,Human Resources,HR Generalist,63600.0,2023-03-08,3.9,Bachelor's,2.0,Active,,,84.0,7,0.0,"New York, NY"
EMP1165,Heather,Jackson,heather.jackson15@company.com,Marketing,Marketing Specialist,68200.0,2021-03-21,5.1,Master's,4.0,Active,,,93.3,18,1.0,"San Francisco, CA"
EMP1318,Rachel,Parker,rachel.parker18@company.com,Human Resources,HR Generalist,55600.0,2020-09-28,6.6,Master's,2.0,Active,,,83.4,16,0.0,"Austin, TX"
EMP1137,Michael,Martin,michael.martin37@company.com,Marketing,Brand Designer,71800.0,2018-07-23,7.8,Bachelor's,3.0,Active,,,91.5,11,0.5,Remote
EMP1198,Amy,Williams,amy.williams48@company.com,Sales,Business Development Rep,80500.0,2023-09-02,6.0,Bachelor's,3.0,Active,,,87.4,10,0.0,"London, UK"
EMP1259,John,Thompson,john.thompson9@company.com,Operations,Operations Associate,52500.0,2020-04-28,1.3,Bachelor's,4.0,Resigned,2021-05-18,Health/Personal,93.4,15,0.0,"Chicago, IL"
EMP1233,Brian,Thomas,brian.thomas33@company.com,Marketing,Brand Designer,58000.0,2022-05-29,3.5,Associate's,3.0,Active,,,87.3,10,0.0,"New York, NY"
EMP1116,Jennifer,Jones,jennifer.jones16@company.com,Finance,Finance Manager,68600.0,2019-04-21,5.4,Bachelor's,2.0,Active,,,92.5,20,0.0,"Austin, TX"
EMP1121,Sandra,Nelson,sandra.nelson21@company.com,Marketing,Brand Designer,66900.0,2018-01-12,5.2,Bachelor's,3.0,Active,,,85.0,7,0.0,"London, UK"
EMP1378,Emily,Mitchell,emily.mitchell28@company.com,Customer Success,CS Team Lead,50800.0,2025-02-15,3.5,Bachelor's,5.0,Active,,,85.0,24,0.0,"San Francisco, CA"
EMP1225,Stephanie,Cook,stephanie.cook25@company.com,Finance,Financial Analyst,88800.0,2025-03-01,6.4,Bachelor's,3.0,Resigned,2026-01-01,Work-Life Balance,92.4,10,0.0,"Austin, TX"
EMP1203,Sarah,Nelson,sarah.nelson3@company.com,Customer Success,CS Team Lead,49000.0,2019-09-03,4.2,Associate's,3.0,Active,,,97.6,19,0.0,"Chicago, IL"
EMP1365,Karen,Gonzalez,karen.gonzalez15@company.com,Sales,Sales Manager,79600.0,2024-01-27,9.4,Bachelor's,3.0,Active,,,97.3,21,0.0,"London, UK"
EMP1128,Katherine,Peterson,katherine.peterson28@company.com,Human Resources,Talent Acquisition Lead,64500.0,2023-01-24,9.5,Bachelor's,4.0,Active,,,85.1,16,0.5,"Austin, TX"
EMP1214,Jeffrey,Allen,jeffrey.allen14@company.com,Customer Success,Customer Success Manager,54500.0,2020-04-07,3.0,Bachelor's,4.0,Active,,,85.0,11,1.0,Remote
EMP1286,Gary,Ortiz,gary.ortiz36@company.com,Operations,Logistics Coordinator,61000.0,2024-11-08,9.1,Master's,3.0,Active,,,95.4,6,0.5,"Chicago, IL"
EMP1469,Lisa,Lee,lisa.lee19@company.com,Operations,Operations Associate,62900.0,2025-05-31,5.8,Bachelor's,4.0,Resigned,2026-01-01,Relocation,76.6,6,0.5,Remote
EMP1445,Richard,Perez,richard.perez45@company.com,Engineering,Engineering Manager,96700.0,2018-09-26,7.4,Master's,3.0,Resigned,2020-02-29,Company Culture,96.8,9,1.0,"Austin, TX"
EMP1108,Gregory,Gomez,gregory.gomez8@company.com,Finance,Financial Analyst,63500.0,2024-05-07,2.2,Bachelor's,4.0,Active,,,95.5,4,1.0,Remote
EMP1401,Catherine,Jones,catherine.jones1@company.com,Product,Senior Product Manager,96500.0,2023-12-31,3.0,Master's,5.0,Resigned,2024-07-07,Pursuing Higher Education,70.0,24,0.0,Remote
EMP1353,Donna,Taylor,donna.taylor3@company.com,Marketing,Marketing Specialist,71900.0,2025-11-15,7.1,Bachelor's,5.0,Active,,,82.7,15,1.0,"New York, NY"
EMP1134,Anna,Brown,anna.brown34@company.com,Finance,Financial Analyst,75700.0,2020-01-09,1.7,Bachelor's,3.0,Active,,,87.5,12,0.5,"Chicago, IL"
EMP1394,Lisa,Hernandez,lisa.hernandez44@company.com,Customer Success,Implementation Consultant,58500.0,2025-01-28,5.1,Bachelor's,5.0,Active,,,96.4,13,1.0,"New York, NY"
EMP1045,Jessica,Hill,jessica.hill45@company.com,Finance,Finance Manager,80400.0,2021-08-29,7.6,Bachelor's,3.0,Active,,,93.4,12,1.0,"San Francisco, CA"
EMP1499,Ruth,Rogers,ruth.rogers49@company.com,Finance,Finance Manager,62300.0,2020-06-28,1.6,Master's,4.0,Active,,,78.0,7,0.0,"London, UK"
EMP1066,George,Collins,george.collins16@company.com,Marketing,Growth Marketing Lead,64400.0,2019-12-23,6.6,Master's,4.0,Active,,,95.3,23,0.5,"London, UK"
EMP1284,Lisa,Parker,lisa.parker34@company.com,Product,Associate Product Manager,112300.0,2024-11-20,7.5,Bachelor's,3.0,Resigned,2026-01-01,Relocation,70.0,15,0.0,Remote
EMP1086,Brenda,Williams,brenda.williams36@company.com,Finance,Controller,86800.0,2018-06-14,8.5,Master's,4.0,Active,,,80.8,8,0.5,"London, UK"
EMP1243,Matthew,Miller,matthew.miller43@company.com,Finance,Finance Manager,75000.0,2025-07-22,7.3,Master's,3.0,Active,,,95.2,4,0.0,"San Francisco, CA"
EMP1187,Patrick,Morris,patrick.morris37@company.com,Product,Technical Product Lead,100000.0,2024-06-12,3.2,Bachelor's,2.0,Active,,,95.4,13,1.0,"New York, NY"
EMP1416,Christopher,Cook,christopher.cook16@company.com,Customer Success,CS Team Lead,69900.0,2019-11-09,10.6,Bachelor's,2.0,Active,,,79.4,18,0.5,"San Francisco, CA"
EMP1160,Diane,Stewart,diane.stewart10@company.com,Human Resources,HR Business Partner,59600.0,2025-08-10,1.1,Master's,5.0,Active,,,91.0,17,0.5,"Chicago, IL"
EMP1013,Cynthia,Ortiz,cynthia.ortiz13@company.com,Finance,Controller,84100.0,2018-02-17,11.8,Master's,3.0,Active,,,,6,1.0,"London, UK"
EMP1036,Christopher,Cruz,christopher.cruz36@company.com,Product,Associate Product Manager,92900.0,2019-04-04,7.2,Master's,4.0,Resigned,2019-12-04,Company Culture,80.7,20,0.0,"Chicago, IL"
EMP1029,William,White,william.white29@company.com,Sales,Enterprise Sales Lead,61400.0,2018-10-06,3.0,Master's,2.0,Resigned,2020-04-29,Relocation,86.4,21,0.0,"London, UK"
EMP1171,Amanda,Rodriguez,amanda.rodriguez21@company.com,Operations,Supply Chain Analyst,74400.0,2025-05-15,8.2,Bachelor's,3.0,Resigned,2026-01-01,Health/Personal,95.6,13,0.0,"New York, NY"
EMP1143,Dorothy,Perez,dorothy.perez43@company.com,Customer Success,Implementation Consultant,60200.0,2018-12-27,5.3,Master's,3.0,Active,,,87.2,6,0.0,"Austin, TX"
EMP1432,Linda,Sanchez,linda.sanchez32@company.com,Finance,Staff Accountant,63500.0,2021-03-19,1.8,Master's,3.0,Active,,,87.4,7,0.0,Remote
EMP1370,Tyler,Turner,tyler.turner20@company.com,Sales,Business Development Rep,71200.0,2019-09-05,3.5,Associate's,2.0,Active,,,90.1,21,1.0,"New York, NY"
EMP1222,Jason,Rogers,jason.rogers22@company.com,Operations,Operations Associate,60800.0,2022-06-30,4.2,Bachelor's,3.0,Active,,,92.4,8,0.0,"Austin, TX"
EMP1096,Brian,Nelson,brian.nelson46@company.com,Product,Technical Product Lead,89600.0,2021-08-11,5.5,Bachelor's,4.0,Active,,,93.6,10,1.0,"Austin, TX"
EMP1052,Jeffrey,Cook,jeffrey.cook2@company.com,Product,Technical Product Lead,104600.0,2019-10-14,8.7,Master's,3.0,Resigned,2022-09-10,Relocation,88.9,10,1.0,"Chicago, IL"
EMP1241,Raymond,Jackson,raymond.jackson41@company.com,Customer Success,Support Specialist,60200.0,2024-04-22,4.3,Bachelor's,3.0,Active,,,79.2,16,1.0,"London, UK"
EMP1403,Alexander,Johnson,alexander.johnson3@company.com,Finance,Finance Manager,73800.0,2025-06-03,3.5,Master's,2.0,Active,,,90.0,19,0.5,"London, UK"
EMP1352,Daniel,Bailey,daniel.bailey2@company.com,Operations,Supply Chain Analyst,82700.0,2025-06-19,11.8,Master's,3.0,Active,,,89.4,8,0.5,"Chicago, IL"
EMP1411,Alexander,Morris,alexander.morris11@company.com,Product,Product Manager,85100.0,2019-04-09,2.9,Bachelor's,2.0,Active,,,92.9,4,0.0,"New York, NY"
EMP1179,Frank,Lee,frank.lee29@company.com,Engineering,Senior Software Engineer,87700.0,2024-10-24,3.7,Bachelor's,3.0,Active,,,93.8,17,0.0,"San Francisco, CA"
EMP1042,Jonathan,Nelson,jonathan.nelson42@company.com,Engineering,Software Engineer,120100.0,2020-12-05,15.8,Master's,2.0,Active,,,83.8,11,0.0,"New York, NY"
EMP1472,Larry,Williams,larry.williams22@company.com,Finance,Financial Analyst,81100.0,2020-06-06,10.0,Bachelor's,3.0,Active,,,86.8,18,0.5,"San Francisco, CA"
EMP1458,Samuel,Parker,samuel.parker8@company.com,Finance,Payroll Specialist,77700.0,2019-07-05,4.2,Bachelor's,3.0,Active,,,96.5,13,0.5,"Austin, TX"
EMP1207,Justin,Morris,justin.morris7@company.com,Marketing,Brand Designer,81100.0,2025-01-20,12.0,Associate's,4.0,Resigned,2026-01-01,Career Transition,96.8,10,0.0,"London, UK"
EMP1283,Frank,Perez,frank.perez33@company.com,Human Resources,HR Director,60400.0,2019-12-16,7.7,Master's,3.0,Resigned,2021-02-05,Work-Life Balance,82.4,17,0.0,"Austin, TX"
EMP1359,Brandon,Morris,brandon.morris9@company.com,Engineering,Data Scientist,88600.0,2025-05-01,2.0,Bachelor's,2.0,Active,,,89.4,16,0.0,"New York, NY"
EMP1255,William,Mitchell,william.mitchell5@company.com,Product,Technical Product Lead,108200.0,2024-05-03,9.1,Master's,3.0,Active,,,,10,0.5,Remote
EMP1491,Kimberly,Thompson,kimberly.thompson41@company.com,Product,Associate Product Manager,78300.0,2024-04-07,2.2,Master's,2.0,Active,,,79.6,12,0.5,"New York, NY"
EMP1005,Carolyn,Collins,carolyn.collins5@company.com,Sales,Business Development Rep,64900.0,2018-11-19,3.6,Master's,3.0,Resigned,2020-10-09,Health/Personal,84.7,14,1.0,"San Francisco, CA"
EMP1257,Nancy,Hernandez,nancy.hernandez7@company.com,Customer Success,CS Team Lead,51800.0,2025-03-26,3.6,PhD,4.0,Active,,,,21,0.0,"London, UK"
EMP1485,Scott,Parker,scott.parker35@company.com,Sales,Sales Associate,67600.0,2020-12-13,7.2,Master's,3.0,Active,,,91.2,5,1.0,"New York, NY"
EMP1101,Ruth,Morales,ruth.morales1@company.com,Engineering,QA Lead,92400.0,2018-10-08,2.5,Bachelor's,3.0,Resigned,2020-04-30,Company Culture,90.6,12,0.0,Remote
EMP1227,Tyler,Hernandez,tyler.hernandez27@company.com,Customer Success,Implementation Consultant,59500.0,2018-11-16,3.2,Bachelor's,4.0,Resigned,2019-10-01,Better Compensation,75.1,19,0.0,"London, UK"
EMP1461,Margaret,Jones,margaret.jones11@company.com,Finance,Controller,86800.0,2024-01-20,8.1,Bachelor's,3.0,Active,,,96.5,7,0.5,"Austin, TX"
EMP1214,Jeffrey,Allen,jeffrey.allen14@company.com,Customer Success,Customer Success Manager,54500.0,2020-04-07,3.0,Bachelor's,4.0,Active,,,85.0,11,1.0,Remote
EMP1456,Christine,Walker,christine.walker6@company.com,Sales,Sales Manager,61100.0,2024-12-12,3.2,Master's,3.0,Resigned,2025-08-01,Career Transition,88.5,17,0.5,"London, UK"
EMP1172,Carol,Thompson,carol.thompson22@company.com,Customer Success,CS Team Lead,53200.0,2025-01-31,4.5,Master's,2.0,Active,,,81.5,7,0.0,Remote
EMP1099,Jeffrey,Gonzalez,jeffrey.gonzalez49@company.com,Customer Success,Support Specialist,58800.0,2019-08-14,9.0,Bachelor's,3.0,Active,,,95.6,23,0.0,"New York, NY"
EMP1293,Joseph,Wright,joseph.wright43@company.com,Operations,Operations Associate,86300.0,2022-12-13,20.4,Master's,3.0,Active,,,92.6,16,0.0,Remote
EMP1216,Timothy,Nelson,timothy.nelson16@company.com,Customer Success,Support Specialist,56900.0,2025-08-22,6.8,Bachelor's,4.0,Active,,,95.6,3,1.0,"San Francisco, CA"
EMP1062,Thomas,Stewart,thomas.stewart12@company.com,Sales,Enterprise Sales Lead,94200.0,2020-06-11,15.3,Master's,3.0,Resigned,2023-04-19,Company Culture,90.8,14,0.0,"London, UK"
EMP1048,Gregory,Nelson,gregory.nelson48@company.com,Sales,Account Executive,61800.0,2025-07-18,3.1,Bachelor's,3.0,Active,,,91.5,9,0.0,"New York, NY"
EMP1033,Helen,Hill,helen.hill33@company.com,Engineering,Engineering Manager,88500.0,2024-03-21,5.6,Bachelor's,,Active,,,81.8,24,0.0,"San Francisco, CA"
EMP1268,Paul,Murphy,paul.murphy18@company.com,Marketing,Marketing Specialist,65100.0,2019-11-16,3.4,Master's,3.0,Active,,,85.3,16,0.5,"Austin, TX"
EMP1328,Amy,Sanchez,amy.sanchez28@company.com,Human Resources,Recruiter,56600.0,2018-01-27,1.4,Bachelor's,5.0,Active,,,83.8,3,0.0,"London, UK"
EMP1201,Elizabeth,Roberts,elizabeth.roberts1@company.com,Customer Success,Implementation Consultant,67400.0,2024-12-27,7.9,Bachelor's,3.0,Active,,,84.8,6,0.0,"New York, NY"
EMP1483,Gregory,Thomas,gregory.thomas33@company.com,Human Resources,Talent Acquisition Lead,81600.0,2025-11-04,16.0,Bachelor's,5.0,Active,,,96.6,6,0.0,"London, UK"
EMP1028,Janet,Green,janet.green28@company.com,Engineering,Software Engineer,107700.0,2024-07-20,7.1,Associate's,3.0,Active,,,92.6,19,0.0,"New York, NY"
EMP1422,Aaron,Nguyen,aaron.nguyen22@company.com,  operations  ,Operations Associate,54300.0,2018-07-07,0.5,Master's,4.0,Active,,,81.4,18,0.0,Remote
EMP1231,Brian,Rodriguez,brian.rodriguez31@company.com,Engineering,Software Engineer,101300.0,2023-04-18,7.9,Master's,3.0,Resigned,2023-09-19,Work-Life Balance,85.5,7,1.0,Remote
EMP1261,Michael,Gonzalez,michael.gonzalez11@company.com,Product,Product Manager,94000.0,2018-11-08,6.3,Associate's,3.0,Active,,,94.7,22,1.0,"Austin, TX"
EMP1379,Scott,Edwards,scott.edwards29@company.com,Marketing,Growth Marketing Lead,61600.0,2024-07-31,2.9,Master's,3.0,Active,,,97.6,14,0.0,"Chicago, IL"
EMP1289,Lisa,Morales,lisa.morales39@company.com,Marketing,Brand Designer,,2019-11-15,6.1,Master's,3.0,Active,,,93.1,7,0.0,"Chicago, IL"
EMP1163,Charles,Parker,charles.parker13@company.com,Sales,Account Executive,73700.0,2023-01-22,5.8,Bachelor's,4.0,Active,,,84.5,3,0.5,"New York, NY"
EMP1392,Elizabeth,Stewart,elizabeth.stewart42@company.com,Human Resources,HR Director,78700.0,2019-05-06,12.2,Bachelor's,4.0,Active,,,99.7,15,1.0,"Chicago, IL"
EMP1244,Pamela,Bailey,pamela.bailey44@company.com,Human Resources,Talent Acquisition Lead,76000.0,2020-05-05,9.3,Bachelor's,4.0,Active,,,96.6,13,0.5,"New York, NY"
EMP1139,Gary,Ortiz,gary.ortiz39@company.com,Finance,Financial Analyst,86900.0,2020-06-22,6.5,Bachelor's,3.0,Active,,,91.0,22,0.0,"New York, NY"
EMP1063,Janet,Anderson,janet.anderson13@company.com,Marketing,SEO Analyst,69700.0,2019-03-19,11.2,Bachelor's,3.0,Resigned,2019-08-08,Work-Life Balance,98.8,15,0.5,Remote
EMP1136,Rebecca,Collins,rebecca.collins36@company.com,Operations,Supply Chain Analyst,55500.0,2022-02-24,0.9,Bachelor's,3.0,Active,,,94.7,13,1.0,"London, UK"
EMP1129,Carolyn,Gonzalez,carolyn.gonzalez29@company.com,Operations,Logistics Coordinator,,2021-07-04,8.5,Associate's,3.0,Active,,,93.2,14,0.0,Remote
EMP1516,Nancy,Brown,nancy.brown16@company.com,Engineering,Engineering Manager,129400.0,2022-01-01,15.2,Associate's,4.0,Active,,,93.7,13,0.5,"Austin, TX"
EMP1009,Dorothy,Davis,dorothy.davis9@company.com,,HR Generalist,61300.0,2021-07-16,9.5,PhD,3.0,Active,,,91.1,5,0.0,"London, UK"
EMP1327,Mary,Mitchell,mary.mitchell27@company.com,Human Resources,HR Business Partner,58100.0,2024-04-28,5.4,Bachelor's,4.0,Active,,,97.3,22,0.0,"Austin, TX"
EMP1503,Lisa,Murphy,lisa.murphy3@company.com,Product,Product Manager,97500.0,2022-09-13,6.8,Bachelor's,4.0,Active,,,74.4,14,0.5,"Austin, TX"
EMP1065,Jason,Mitchell,jason.mitchell15@company.com,Sales,Enterprise Sales Lead,69900.0,2025-04-06,5.2,Bachelor's,3.0,Active,,,82.6,16,0.5,"New York, NY"
EMP1301,Rachel,Rivera,rachel.rivera1@company.com,Sales,Enterprise Sales Lead,72700.0,2022-06-18,6.4,Bachelor's,3.0,Active,,,97.0,16,0.0,"Austin, TX"
EMP1015,Nicholas,Thompson,nicholas.thompson15@company.com,Sales,Sales Manager,73400.0,2025-03-02,6.4,Master's,3.0,Active,,,93.7,9,0.0,"Chicago, IL"
EMP1157,Sarah,Martin,sarah.martin7@company.com,Sales,Sales Manager,63900.0,2019-02-19,1.7,Bachelor's,3.0,Resigned,2022-03-24,Health/Personal,92.5,19,0.0,Remote
EMP1041,Stephanie,Nelson,stephanie.nelson41@company.com,Finance,Financial Analyst,72100.0,2021-02-17,7.0,Associate's,3.0,Active,,,87.1,19,0.5,Remote
EMP1380,Alexander,Lopez,alexander.lopez30@company.com,Finance,Financial Analyst,82400.0,2022-05-03,8.8,Master's,1.0,Active,,,96.6,21,0.0,"San Francisco, CA"
EMP1497,Ashley,Rivera,ashley.rivera47@company.com,Marketing,Marketing Specialist,57700.0,2019-05-07,1.0,Master's,5.0,Active,,,99.6,24,1.0,"Austin, TX"
EMP1437,Jack,Rogers,jack.rogers37@company.com,Sales,Business Development Rep,67300.0,2018-06-16,3.2,Master's,3.0,Resigned,2021-02-07,Work-Life Balance,91.6,7,0.0,"London, UK"
EMP1217,Jacob,Morris,jacob.morris17@company.com,Human Resources,HR Business Partner,48100.0,2021-08-08,1.9,Master's,3.0,Active,,,91.5,4,0.0,Remote
EMP1410,Paul,Lopez,paul.lopez10@company.com,Operations,Operations Manager,60000.0,2020-01-20,7.3,Master's,2.0,Active,,,93.5,15,0.5,"Chicago, IL"
EMP1280,Brian,Brown,brian.brown30@company.com,Customer Success,Support Specialist,64300.0,2021-04-25,6.3,Bachelor's,3.0,Active,,,88.1,5,0.0,Remote
EMP1471,Shirley,Garcia,shirley.garcia21@company.com,Marketing,Marketing Specialist,71800.0,2019-11-13,10.7,Master's,3.0,Active,,,97.1,8,1.0,"Austin, TX"
EMP1101,Ruth,Morales,ruth.morales1@company.com,Engineering,QA Lead,92400.0,2018-10-08,2.5,Bachelor's,3.0,Resigned,2020-04-30,Company Culture,90.6,12,0.0,Remote
EMP1338,Maria,Lewis,maria.lewis38@company.com,Marketing,Content Strategist,63100.0,2022-06-29,2.0,Master's,3.0,Resigned,2024-10-28,Company Culture,89.7,23,0.0,"London, UK"
EMP1237,Dennis,Davis,dennis.davis37@company.com,Marketing,Brand Designer,64900.0,2021-03-30,7.1,Master's,3.0,Active,,,91.9,21,0.5,"London, UK"
EMP1208,Joseph,Harris,joseph.harris8@company.com,Engineering,Data Scientist,88800.0,2021-07-08,1.1,Bachelor's,3.0,Active,,,92.6,16,1.0,"San Francisco, CA"
EMP1213,Helen,Carter,helen.carter13@company.com,Product,Senior Product Manager,89000.0,2019-08-23,4.9,Bachelor's,3.0,Active,,,90.2,12,1.0,"New York, NY"
EMP1296,Jonathan,Scott,jonathan.scott46@company.com,Marketing,SEO Analyst,67200.0,2025-11-23,3.9,Associate's,3.0,Active,,,90.7,21,0.5,"London, UK"
EMP1494,Aaron,Green,aaron.green44@company.com,Product,Senior Product Manager,117800.0,2023-10-17,13.0,Bachelor's,3.0,Active,,,93.4,11,0.0,"Chicago, IL"
EMP1252,Margaret,Cook,margaret.cook2@company.com,Customer Success,Implementation Consultant,58400.0,2018-09-05,9.1,Bachelor's,3.0,Resigned,2021-08-19,Company Culture,93.6,3,1.0,"London, UK"
EMP1065,Jason,Mitchell,jason.mitchell15@company.com,Sales,Enterprise Sales Lead,69900.0,2025-04-06,5.2,Bachelor's,3.0,Active,,,82.6,16,0.5,"New York, NY"
EMP1495,Frank,Baker,frank.baker45@company.com,Sales,Enterprise Sales Lead,68600.0,2020-01-02,2.1,Bachelor's,3.0,Active,,,91.9,14,0.0,"London, UK"
EMP1304,Katherine,Hill,katherine.hill4@company.com,Marketing,SEO Analyst,61300.0,2019-01-18,4.6,Master's,3.0,Active,,,89.4,11,0.0,"Chicago, IL"
EMP1351,Gregory,Gomez,gregory.gomez1@company.com,Sales,Sales Manager,60800.0,2021-05-21,3.2,Master's,,Resigned,2023-06-10,Career Transition,84.6,16,1.0,"Austin, TX"
EMP1270,Ronald,Nelson,ronald.nelson20@company.com,PRODUCT,Senior Product Manager,86400.0,2022-12-09,4.7,Bachelor's,4.0,Resigned,2025-01-22,Relocation,85.0,23,1.0,"San Francisco, CA"
EMP1202,Heather,Baker,heather.baker2@company.com,Operations,Supply Chain Analyst,57100.0,2020-03-26,6.4,Bachelor's,3.0,Active,,,95.5,15,1.0,"New York, NY"
EMP1162,Melissa,Peterson,melissa.peterson12@company.com,Sales,Enterprise Sales Lead,65900.0,2019-05-26,2.6,PhD,3.0,Active,,,89.6,8,0.5,"Austin, TX"
EMP1044,Jonathan,Sanchez,jonathan.sanchez44@company.com,Operations,Logistics Coordinator,73600.0,2018-10-14,8.8,Master's,5.0,Active,,,87.0,13,1.0,"Chicago, IL"
EMP1218,Jonathan,Jones,jonathan.jones18@company.com,Marketing,Growth Marketing Lead,93900.0,2019-12-22,18.8,Bachelor's,5.0,Active,,,88.1,4,0.5,"Austin, TX"
EMP1402,Michael,Anderson,michael.anderson2@company.com,Product,Technical Product Lead,94200.0,2022-04-07,5.0,Bachelor's,2.0,Active,,,,11,0.5,Remote
EMP1191,Samuel,Perez,samuel.perez41@company.com,Marketing,Content Strategist,,2025-05-22,5.4,Bachelor's,3.0,Active,,,88.0,22,0.5,"London, UK"
EMP1310,Brandon,Cruz,brandon.cruz10@company.com,Human Resources,HR Generalist,50400.0,2019-02-16,2.2,Bachelor's,2.0,Active,,,96.2,6,1.0,Remote
EMP1260,Donald,Roberts,donald.roberts10@company.com,Operations,Logistics Coordinator,57300.0,2019-07-28,3.1,Associate's,4.0,Active,,,97.5,5,1.0,Remote
EMP1106,Elizabeth,Cruz,elizabeth.cruz6@company.com,Operations,Operations Manager,52200.0,2025-03-02,3.2,Bachelor's,5.0,Active,,,98.5,11,0.5,"Chicago, IL"
EMP1054,Helen,Hernandez,helen.hernandez4@company.com,Marketing,Content Strategist,66800.0,2020-08-05,6.1,Bachelor's,3.0,Active,,,80.4,7,1.0,"San Francisco, CA"
EMP1390,Lisa,Nelson,lisa.nelson40@company.com,Sales,Account Executive,98400.0,2021-12-26,14.7,Bachelor's,3.0,Active,,,82.3,12,0.5,"Chicago, IL"
EMP1002,Barbara,Diaz,barbara.diaz2@company.com,Engineering,Software Engineer,109600.0,2019-01-19,8.3,Master's,3.0,Active,,,93.3,19,1.0,"New York, NY"
EMP1478,Kathleen,Robinson,kathleen.robinson28@company.com,Sales,Sales Manager,88900.0,2024-09-16,10.4,Bachelor's,4.0,Active,,,93.3,16,0.5,"San Francisco, CA"
EMP1360,Anthony,Harris,anthony.harris10@company.com,Product,Senior Product Manager,109700.0,2025-05-29,6.5,Bachelor's,3.0,Active,,,95.5,10,0.0,"New York, NY"
EMP1050,Katherine,Smith,katherine.smith0@company.com,Sales,Business Development Rep,67000.0,2020-06-15,6.8,Master's,5.0,Resigned,2021-09-08,Health/Personal,93.2,19,0.5,"New York, NY"
EMP1420,Shirley,Bailey,shirley.bailey20@company.com,Human Resources,Talent Acquisition Lead,69500.0,2021-10-28,11.7,Master's,2.0,Resigned,2024-02-09,Health/Personal,90.6,10,0.5,"Chicago, IL"
EMP1081,James,Evans,james.evans31@company.com,Customer Success,CS Team Lead,49000.0,2021-04-07,3.6,Master's,1.0,Active,,,92.0,12,1.0,"Chicago, IL"
EMP1206,Patrick,Brown,patrick.brown6@company.com,Customer Success,Implementation Consultant,53800.0,2025-05-09,7.4,Master's,4.0,Active,,,82.6,21,1.0,"San Francisco, CA"
EMP1035,Steven,Miller,steven.miller35@company.com,Sales,Business Development Rep,76900.0,2021-02-07,7.7,Associate's,1.0,Active,,,83.2,13,0.0,Remote
EMP1431,Frank,Morgan,frank.morgan31@company.com,Finance,Finance Manager,70900.0,2018-02-22,3.9,Bachelor's,,Active,,,81.8,3,0.5,"San Francisco, CA"
EMP1264,Samantha,Martin,samantha.martin14@company.com,Product,Senior Product Manager,102400.0,2022-01-17,6.9,Master's,1.0,Resigned,2022-11-21,Better Compensation,91.3,12,0.5,"Chicago, IL"
EMP1428,Donna,Edwards,donna.edwards28@company.com,Marketing,Content Strategist,81100.0,2022-08-18,12.0,Bachelor's,3.0,Active,,,90.9,19,0.5,Remote
EMP1455,Stephen,Martinez,stephen.martinez5@company.com,Finance,Financial Analyst,74800.0,2020-10-23,3.2,Bachelor's,2.0,Active,,,90.1,21,0.5,"Chicago, IL"
EMP1511,Brandon,Phillips,brandon.phillips11@company.com,Sales,Sales Associate,68100.0,2019-10-26,6.0,Bachelor's,,Active,,,95.8,13,0.5,Remote
EMP1367,Catherine,Jones,catherine.jones17@company.com,Marketing,Marketing Specialist,55000.0,2023-01-14,2.9,Bachelor's,2.0,Active,,,90.3,8,0.0,"San Francisco, CA"
EMP1092,Stephen,Johnson,stephen.johnson42@company.com,Product,Associate Product Manager,94100.0,2020-07-09,5.5,Associate's,5.0,Resigned,2021-05-27,Relocation,97.1,23,0.0,"Austin, TX"
EMP1340,Cynthia,Miller,cynthia.miller40@company.com,Marketing,Brand Designer,50300.0,2022-11-10,1.5,Bachelor's,4.0,Active,,,88.4,15,0.5,"New York, NY"
EMP1513,Robert,Taylor,robert.taylor13@company.com,Human Resources,HR Business Partner,49800.0,2025-11-10,2.9,Bachelor's,4.0,Active,,,89.8,9,0.0,"Austin, TX"
EMP1053,Eric,Morales,eric.morales3@company.com,Human Resources,HR Business Partner,63200.0,2022-12-07,3.1,Bachelor's,2.0,Active,,,94.5,12,0.0,"Chicago, IL"
EMP1346,Gregory,Walker,gregory.walker46@company.com,Finance,Controller,96800.0,2018-08-18,12.1,Bachelor's,4.0,Active,,,90.3,10,1.0,"Austin, TX"
EMP1265,Susan,Taylor,susan.taylor15@company.com,Sales,Account Executive,58900.0,2022-11-01,3.6,Bachelor's,3.0,Active,,,92.2,20,1.0,"Austin, TX"
EMP1242,Ashley,Allen,ashley.allen42@company.com,Human Resources,HR Business Partner,57300.0,2025-04-02,1.0,Bachelor's,2.0,Active,,,83.5,17,0.5,"New York, NY"
EMP1014,Jerry,Baker,jerry.baker14@company.com,Sales,Sales Manager,80500.0,2022-11-16,6.5,Bachelor's,2.0,Active,,,92.1,3,1.0,Remote
EMP1316,Jason,Phillips,jason.phillips16@company.com,Sales,Enterprise Sales Lead,67000.0,2024-01-12,7.0,Bachelor's,3.0,Active,,,92.0,11,0.0,"Chicago, IL"
EMP1089,Kenneth,Allen,kenneth.allen39@company.com,Operations,Operations Associate,68400.0,2022-07-14,11.9,Bachelor's,4.0,Active,,,94.2,3,1.0,"London, UK"
EMP1388,John,Harris,john.harris38@company.com,OPERATIONS,Supply Chain Analyst,82900.0,2025-09-12,12.1,Bachelor's,3.0,Active,,,88.1,18,1.0,"Chicago, IL"
EMP1274,David,Evans,david.evans24@company.com,Customer Success,Customer Success Manager,53400.0,2025-02-07,4.4,Master's,3.0,Active,,,91.3,11,1.0,"San Francisco, CA"
EMP1167,Jason,Anderson,jason.anderson17@company.com,Finance,Staff Accountant,73400.0,2021-05-18,4.8,Master's,2.0,Active,,,96.3,10,0.5,Remote
EMP1329,Alexander,Johnson,alexander.johnson29@company.com,Operations,Operations Associate,,2025-05-16,4.6,Bachelor's,3.0,Active,,,88.8,12,0.0,"San Francisco, CA"
EMP1266,Barbara,Rivera,barbara.rivera16@company.com,Sales,Enterprise Sales Lead,70000.0,2024-09-15,4.7,Master's,3.0,Resigned,2026-01-01,Health/Personal,96.5,12,0.5,"Austin, TX"
EMP1135,Charles,Phillips,charles.phillips35@company.com,Sales,Account Executive,87500.0,2025-02-06,12.3,Bachelor's,5.0,Active,,,97.7,5,1.0,"London, UK"
EMP1307,Carol,Thomas,carol.thomas7@company.com,Product,Product Manager,100100.0,2023-05-11,12.2,Master's,2.0,Active,,,91.4,15,0.0,Remote
EMP1518,Samantha,Parker,samantha.parker18@company.com,Finance,Payroll Specialist,76400.0,2023-05-27,4.5,Bachelor's,3.0,Active,,,86.0,5,0.5,"Chicago, IL"
EMP1320,Eric,Gutierrez,eric.gutierrez20@company.com,Finance,Staff Accountant,81200.0,2022-03-04,3.5,Master's,,Resigned,2023-02-16,Company Culture,78.9,11,1.0,"New York, NY"
EMP1244,Pamela,Bailey,pamela.bailey44@company.com,Human Resources,Talent Acquisition Lead,76000.0,2020-05-05,9.3,Bachelor's,4.0,Active,,,96.6,13,0.5,"New York, NY"
EMP1055,Timothy,Nelson,timothy.nelson5@company.com,Customer Success,CS Team Lead,64500.0,2018-09-13,9.1,Associate's,3.0,Active,,,97.2,16,0.5,"London, UK"
EMP1364,Melissa,White,melissa.white14@company.com,Customer Success,Support Specialist,52800.0,2020-12-14,2.2,Master's,3.0,Active,,,92.3,11,0.0,"Chicago, IL"
EMP1051,Jessica,Collins,jessica.collins1@company.com,Marketing,Growth Marketing Lead,,2025-06-27,6.1,Associate's,3.0,Active,,,91.3,20,1.0,"Chicago, IL"
EMP1493,Pamela,Brown,pamela.brown43@company.com,Customer Success,Support Specialist,53300.0,2020-11-22,3.7,Master's,2.0,Active,,,96.9,23,0.0,Remote
EMP1175,Jessica,Mitchell,jessica.mitchell25@company.com,Product,Technical Product Lead,99600.0,2022-12-07,5.8,Bachelor's,4.0,Active,,,94.6,15,0.5,"San Francisco, CA"
EMP1446,Anthony,Morgan,anthony.morgan46@company.com,Product,Associate Product Manager,83200.0,2025-09-11,4.7,Bachelor's,2.0,Active,,,92.9,17,1.0,"Chicago, IL"
EMP1190,William,Allen,william.allen40@company.com,Human Resources,HR Director,58400.0,2021-01-29,2.9,Bachelor's,2.0,Active,,,85.6,12,1.0,"London, UK"
EMP1190,William,Allen,william.allen40@company.com,Human Resources,HR Director,58400.0,2021-01-29,2.9,Bachelor's,2.0,Active,,,85.6,12,1.0,"London, UK"
EMP1464,Kathleen,Rivera,kathleen.rivera14@company.com,Engineering,Senior Software Engineer,,2023-06-21,1.5,Bachelor's,3.0,Resigned,2025-01-05,Better Compensation,91.9,10,0.0,Remote
EMP1188,Debra,Gutierrez,debra.gutierrez38@company.com,Operations,Supply Chain Analyst,58400.0,2024-03-08,0.9,Bachelor's,3.0,Active,,,92.1,8,0.0,"Austin, TX"
EMP1476,Gregory,Taylor,gregory.taylor26@company.com,Engineering,Engineering Manager,83400.0,2025-04-13,3.6,Master's,3.0,Active,,,90.9,16,0.5,"New York, NY"
EMP1170,Angela,Cooper,angela.cooper20@company.com,Engineering,Data Scientist,83700.0,2023-04-10,1.6,Master's,1.0,Active,,,87.0,15,0.5,"Chicago, IL"
EMP1059,William,Diaz,william.diaz9@company.com,Marketing,Growth Marketing Lead,66900.0,2020-01-15,10.5,Bachelor's,2.0,Active,,,91.1,15,0.5,"San Francisco, CA"
EMP1475,Karen,Gonzalez,karen.gonzalez25@company.com,Marketing,Growth Marketing Lead,61400.0,2024-11-23,6.0,Bachelor's,,Active,,,89.5,20,1.0,"New York, NY"
EMP1049,Jacob,Martinez,jacob.martinez49@company.com,Customer Success,CS Team Lead,54500.0,2025-01-23,7.7,Bachelor's,3.0,Active,,,93.7,15,0.5,"Austin, TX"
EMP1345,Patricia,Scott,patricia.scott45@company.com,Engineering,Data Scientist,92500.0,2023-12-09,2.1,Bachelor's,3.0,Active,,,87.8,21,0.0,"San Francisco, CA"
EMP1236,Scott,Jones,scott.jones36@company.com,Customer Success,Support Specialist,53100.0,2020-09-29,1.9,Bachelor's,4.0,Active,,,80.1,15,0.5,"San Francisco, CA"
EMP1253,Robert,Ortiz,robert.ortiz3@company.com,Finance,Controller,91500.0,2021-03-20,10.1,Bachelor's,4.0,Resigned,2021-07-23,Pursuing Higher Education,90.2,24,0.5,"San Francisco, CA"
EMP1022,Jacob,Evans,jacob.evans22@company.com,Human Resources,HR Generalist,55600.0,2019-02-02,2.2,Bachelor's,3.0,Active,,,86.7,14,0.5,"Austin, TX"
EMP1314,Kenneth,Taylor,kenneth.taylor14@company.com,Product,Technical Product Lead,99000.0,2022-02-05,11.2,Bachelor's,3.0,Resigned,2023-04-24,Health/Personal,90.2,5,0.0,"London, UK"
EMP1460,Benjamin,Martinez,benjamin.martinez10@company.com,Sales,Sales Associate,91600.0,2023-09-09,12.8,Master's,3.0,Active,,,96.6,21,1.0,"Austin, TX"
EMP1161,Nicholas,Ortiz,nicholas.ortiz11@company.com,Product,Product Manager,108600.0,2020-03-28,15.5,Master's,4.0,Active,,,86.8,7,0.5,"New York, NY"
EMP1277,Susan,Young,susan.young27@company.com,Operations,Supply Chain Analyst,48700.0,2025-04-04,1.1,Master's,3.0,Active,,,94.1,21,1.0,Remote
EMP1444,Melissa,Rogers,melissa.rogers44@company.com,Customer Success,CS Team Lead,62400.0,2018-06-29,12.7,Bachelor's,3.0,Active,,,97.9,23,0.0,"Chicago, IL"
EMP1192,Patricia,Hernandez,patricia.hernandez42@company.com,Engineering,Engineering Manager,93900.0,2024-06-20,7.3,Master's,3.0,Active,,,90.4,9,1.0,"Austin, TX"
EMP1386,Katherine,Hill,katherine.hill36@company.com,Human Resources,Recruiter,58600.0,2023-10-20,2.1,Master's,4.0,Active,,,84.6,4,1.0,"Austin, TX"
EMP1414,Kenneth,Johnson,kenneth.johnson14@company.com,Human Resources,HR Business Partner,97600.0,2023-10-28,25.0,Master's,3.0,Active,,,88.9,22,0.0,"Austin, TX"
EMP1492,Steven,Morgan,steven.morgan42@company.com,Finance,Finance Manager,70500.0,2022-03-25,5.0,Master's,3.0,Active,,,90.6,10,0.5,"Austin, TX"
EMP1344,Amanda,Morris,amanda.morris44@company.com,Customer Success,Implementation Consultant,54700.0,2024-05-05,2.7,Master's,3.0,Resigned,2026-01-01,Work-Life Balance,92.0,8,0.0,"Chicago, IL"
EMP1309,Angela,Johnson,angela.johnson9@company.com,Marketing,Growth Marketing Lead,50500.0,2021-12-09,1.6,PhD,4.0,Active,,,90.0,23,1.0,"San Francisco, CA"
EMP1131,Anna,Bailey,anna.bailey31@company.com,Operations,Operations Associate,59400.0,2022-08-10,6.0,Bachelor's,3.0,Active,,,93.2,24,0.5,Remote
EMP1100,Kimberly,Baker,kimberly.baker0@company.com,Product,Associate Product Manager,90800.0,2021-09-07,7.1,Master's,4.0,Active,,,90.0,20,0.5,"Chicago, IL"
EMP1373,John,Gomez,john.gomez23@company.com,Operations,Supply Chain Analyst,57600.0,2018-07-21,3.5,Bachelor's,4.0,Active,,,86.4,11,0.5,"New York, NY"
EMP1088,Christopher,Nelson,christopher.nelson38@company.com,Product,Technical Product Lead,105900.0,2021-03-26,8.7,Bachelor's,3.0,Active,,,98.9,15,1.0,"New York, NY"
EMP1459,Maria,Flores,maria.flores9@company.com,Customer Success,Support Specialist,59300.0,2019-12-21,3.4,Bachelor's,3.0,Resigned,2020-09-03,Health/Personal,90.4,7,1.0,"San Francisco, CA"
EMP1331,Eric,Evans,eric.evans31@company.com,Operations,Logistics Coordinator,58300.0,2018-12-14,1.8,Master's,2.0,Resigned,2019-09-25,Pursuing Higher Education,91.8,15,0.0,"London, UK"
EMP1215,Susan,Walker,susan.walker15@company.com,Human Resources,HR Generalist,53300.0,2025-07-06,4.9,Bachelor's,4.0,Active,,,92.1,10,1.0,"San Francisco, CA"
EMP1467,Katherine,Martinez,katherine.martinez17@company.com,Finance,Finance Manager,,2020-07-01,10.2,PhD,3.0,Resigned,2023-08-22,Relocation,87.6,14,0.5,"Austin, TX"
EMP1122,Daniel,Anderson,daniel.anderson22@company.com,Engineering,Senior Software Engineer,93300.0,2018-03-02,4.7,Bachelor's,4.0,Resigned,2020-06-02,Health/Personal,88.5,21,0.5,"New York, NY"
EMP1021,Emily,Morales,emily.morales21@company.com,Human Resources,HR Director,51500.0,2019-06-26,2.9,Bachelor's,4.0,Active,,,89.4,21,1.0,"Austin, TX"
EMP1072,Jacob,Peterson,jacob.peterson22@company.com,Operations,Logistics Coordinator,63700.0,2024-03-04,3.5,Bachelor's,3.0,Active,,,89.1,17,0.5,"Chicago, IL"
EMP1107,Deborah,Morris,deborah.morris7@company.com,Sales,Account Executive,75600.0,2022-04-12,6.2,Bachelor's,3.0,Active,,,98.9,21,0.5,Remote
EMP1271,Nicole,Sanchez,nicole.sanchez21@company.com,Customer Success,Implementation Consultant,52800.0,2019-12-29,1.5,Master's,5.0,Active,,,89.9,13,0.5,Remote
EMP1436,Dennis,Cooper,dennis.cooper36@company.com,Human Resources,Recruiter,71400.0,2021-04-19,10.1,Associate's,3.0,Active,,,92.5,24,0.0,"San Francisco, CA"
EMP1103,Donna,Rivera,donna.rivera3@company.com,Operations,Logistics Coordinator,54500.0,2019-08-20,2.1,Master's,3.0,Active,,,96.1,16,1.0,Remote
